Z7M37     ,FUTSTKDCB       30APR2009                    ,2009-04-01,S,0,0,14000,21,293536.74,420,43.26,49.98
Z7M37     ,FUTSTKDCB       30APR2009                    ,2009-04-01,S,0,0,14000,21,293536.74,420,43.26,49.98
Z7M37     ,FUTSTKDCB       30APR2009                    ,2009-04-01,S,0,0,14000,19.2,268336.74,420,43.26,45.7
Z7M37     ,FUTSTKDCB       30APR2009                    ,2009-04-01,S,0,0,14000,20,279536.74,420,43.26,47.6
EHGA1     ,OPTIDXNIFTY     30APR2009PE   3000.00        ,2009-04-02,P,500,45,0,0,-23603,1000,103,0
BRAL8     ,OPTIDXNIFTY     30APR2009PE   3000.00        ,2009-04-02,P,50,45,0,0,-2360.3,100,10.3,0
BOYP0     ,OPTIDXNIFTY     30APR2009PE   3000.00        ,2009-04-02,P,200,45,0,0,-9441.2,400,41.2,0
ATKQ6     ,OPTIDXNIFTY     30APR2009PE   3000.00        ,2009-04-02,P,100,45,0,0,-4700,181.32,18.68,0
QI910     ,OPTIDXNIFTY     30APR2009PE   3000.00        ,2009-04-02,P,100,45,0,0,-4720.6,200,20.6,0
M5P56     ,OPTIDXNIFTY     30APR2009PE   3000.00        ,2009-04-02,P,250,45,0,0,-11801.5,500,51.5,0
TPD23     ,FUTIDXMINIFTY   30APR2009                    ,2009-04-02,S,0,0,20,3170.3,63336.06318,63.41,6.53,10.78
TPD23     ,FUTIDXMINIFTY   30APR2009                    ,2009-04-02,S,0,0,40,3175.25,126869.9102,127.01,13.08,21.59
XJVQ7     ,OPTIDXNIFTY     30APR2009PE   3000.00        ,2009-04-02,P,150,45,0,0,-7080.9,300,30.9,0
YEV20     ,FUTIDXMINIFTY   30APR2009                    ,2009-04-02,S,0,0,20,3175,63429.9595,63.5,6.54,10.8
YEV20     ,FUTIDXMINIFTY   30APR2009                    ,2009-04-02,S,0,0,20,3175,63429.9595,63.5,6.54,10.8
EDL28     ,OPTIDXNIFTY     30APR2009PE   3000.00        ,2009-04-02,P,300,45,0,0,-14161.8,600,61.8,0
HBCO5     ,OPTIDXNIFTY     30APR2009PE   3000.00        ,2009-04-02,P,150,45,0,0,-7080.9,300,30.9,0
HBCO5     ,OPTIDXNIFTY     30APR2009PE   3000.00        ,2009-04-02,P,50,45,0,0,-2360.3,100,10.3,0
XPHD0     ,OPTIDXNIFTY     30APR2009PE   3000.00        ,2009-04-02,P,100,45,0,0,-4720.6,200,20.6,0
VCCS0     ,FUTIDXMINIFTY   30APR2009                    ,2009-04-02,S,0,0,20,3175,63429.9595,63.5,6.54,10.8
ZFLW2     ,OPTIDXNIFTY     30APR2009PE   3000.00        ,2009-04-02,P,400,45,0,0,-18882.4,800,82.4,0
PMGV8     ,FUTIDXMINIFTY   30APR2009                    ,2009-04-02,S,0,0,20,3175,63429.9595,63.5,6.54,10.8
VOOK6     ,OPTIDXNIFTY     30APR2009PE   3000.00        ,2009-04-06,P,50,43,0,0,-2260.3,100,10.3,0
T31V5     ,OPTIDXNIFTY     30APR2009PE   3000.00        ,2009-04-06,P,100,41.25,0,0,-4345.6,200,20.6,0
NFQQ8     ,OPTIDXNIFTY     30APR2009PE   3000.00        ,2009-04-06,P,50,43,0,0,-2260.3,100,10.3,0
AWPY0     ,OPTIDXNIFTY     30APR2009PE   3000.00        ,2009-04-06,P,50,43,0,0,-2260.3,100,10.3,0
C9B59     ,OPTIDXNIFTY     30APR2009PE   3000.00        ,2009-04-06,P,50,43,0,0,-2260.3,100,10.3,0
B14U0     ,OPTIDXNIFTY     30APR2009PE   3000.00        ,2009-04-06,P,50,43,0,0,-2260.3,100,10.3,0
XPHR9     ,OPTIDXNIFTY     30APR2009PE   3000.00        ,2009-04-06,P,50,43,0,0,-2260.3,100,10.3,0
Z7M37     ,FUTSTKDCB       30APR2009                    ,2009-04-08,P,14000,25.5,0,0,-357463.26,420,43.26,0
Z7M37     ,FUTSTKDCB       30APR2009                    ,2009-04-08,P,14000,25.5,0,0,-357463.26,420,43.26,0
YACV7     ,OPTIDXNIFTY     30APR2009PE   3400.00        ,2009-04-24,P,50,54.4,0,0,-2830.3,100,10.3,0
YACV7     ,OPTIDXNIFTY     30APR2009PE   3400.00        ,2009-04-28,S,0,0,50,50,2389.7,100,10.3,0.43
PMGV8     ,FUTIDXMINIFTY   30APR2009                    ,2009-04-29,S,0,0,20,3473.95,69402.36577,69.48,7.16,11.81
TPD23     ,FUTIDXMINIFTY   28MAY2009                    ,2009-04-29,S,0,0,20,3430,68524.3342,68.6,7.07,11.66
TPD23     ,FUTIDXMINIFTY   28MAY2009                    ,2009-04-29,S,0,0,20,3430,68524.3342,68.6,7.07,11.66
TPD23     ,FUTIDXMINIFTY   28MAY2009                    ,2009-04-29,S,0,0,60,3437,205992.5393,206.22,21.24,35.06
TPD23     ,FUTIDXNIFTY     28MAY2009                    ,2009-04-29,S,0,0,50,3446.1,172114.9476,172.3,17.75,29.29
TPD23     ,FUTSTKICICIBANK 28MAY2009                    ,2009-04-29,S,0,0,700,469.55,328322.4991,328.65,33.85,55.88
Z7M37     ,FUTSTKDCB       30APR2009                    ,2009-04-29,P,28000,23.6,0,0,-661726.52,840,86.52,0
TPD23     ,FUTIDXNIFTY     30APR2009                    ,2009-04-29,P,50,3433.45,0,0,-171861.852,171.67,17.68,0
TPD23     ,FUTSTKICICIBANK 30APR2009                    ,2009-04-29,P,700,467.85,0,0,-327856.1884,327.46,33.73,0
TPD23     ,FUTIDXMINIFTY   30APR2009                    ,2009-04-29,P,20,3424.5,0,0,-68565.54447,68.49,7.05,0
TPD23     ,FUTIDXMINIFTY   30APR2009                    ,2009-04-29,P,20,3424.5,0,0,-68565.54447,68.49,7.05,0
TPD23     ,FUTIDXMINIFTY   30APR2009                    ,2009-04-29,P,20,3433.35,0,0,-68742.7386,68.67,7.07,0
TPD23     ,FUTIDXMINIFTY   30APR2009                    ,2009-04-29,P,20,3433.35,0,0,-68742.7386,68.67,7.07,0
TPD23     ,FUTIDXMINIFTY   30APR2009                    ,2009-04-29,P,20,3434.5,0,0,-68765.76507,68.69,7.08,0
EHGA1     ,OPTSTKICICIBANK 30APR2009CA    400.00        ,2009-04-29,P,1400,479.2,0,0,-671619.9806,670.88,69.1,0
ADMF9     ,OPTSTKITC       28MAY2009CA    210.00        ,2009-05-04,S,0,0,2250,7,15315.69375,393.75,40.56,2.68
ADMF9     ,OPTSTKITC       28MAY2009CA    205.00        ,2009-05-04,S,0,0,2250,5.5,12033.75938,309.37,31.87,2.1
S85O0     ,FUTIDXMINIFTY   28MAY2009                    ,2009-05-11,P,20,3639.5,0,0,-72870.28737,72.79,7.5,0
S85O0     ,FUTIDXMINIFTY   28MAY2009                    ,2009-05-11,P,20,3612.9,0,0,-72337.70057,72.26,7.44,0
S85O0     ,FUTIDXMINIFTY   28MAY2009                    ,2009-05-11,P,20,3577,0,0,-71618.90862,71.54,7.37,0
S85O0     ,OPTIDXNIFTY     28MAY2009CE   3700.00        ,2009-05-11,P,150,103.25,0,0,-15914.55954,387.18,39.88,0
S85O0     ,FUTIDXMINIFTY   28MAY2009                    ,2009-05-12,P,20,3548,0,0,-71038.26888,70.96,7.31,0
S85O0     ,FUTIDXMINIFTY   28MAY2009                    ,2009-05-12,P,20,3637,0,0,-72820.23222,72.74,7.49,0
S85O0     ,FUTIDXMINIFTY   28MAY2009                    ,2009-05-12,P,20,3637,0,0,-72820.23222,72.74,7.49,0
S85O0     ,FUTIDXMINIFTY   28MAY2009                    ,2009-05-12,S,0,0,80,3630,290400,0,0,49.37
YACV7     ,FUTIDXMINIFTY   28MAY2009                    ,2009-05-12,S,0,0,20,3692.1,73760.55227,73.84,7.61,12.55
S85O0     ,FUTIDXMINIFTY   28MAY2009                    ,2009-05-12,P,20,3630,0,0,-72680.0778,72.6,7.48,0
S85O0     ,FUTIDXNIFTY     28MAY2009                    ,2009-05-13,P,50,3650,0,0,-182701.2975,182.5,18.8,0
S85O0     ,FUTIDXNIFTY     28MAY2009                    ,2009-05-13,P,50,3635,0,0,-181950.4702,181.75,18.72,0
S85O0     ,FUTIDXNIFTY     28MAY2009                    ,2009-05-13,P,50,3615.8,0,0,-180989.4114,180.79,18.62,0
S85O0     ,FUTIDXNIFTY     28MAY2009                    ,2009-05-13,P,100,3637,0,0,-364101.1611,363.7,37.46,0
S85O0     ,FUTIDXNIFTY     28MAY2009                    ,2009-05-13,P,100,3630,0,0,-363400.389,363,37.39,0
S85O0     ,FUTIDXNIFTY     28MAY2009                    ,2009-05-13,P,50,3672,0,0,-183802.5108,183.6,18.91,0
S85O0     ,FUTIDXNIFTY     28MAY2009                    ,2009-05-13,P,50,3672,0,0,-183802.5108,183.6,18.91,0
S85O0     ,FUTIDXNIFTY     28MAY2009                    ,2009-05-13,P,50,3656.8,0,0,-183041.6725,182.84,18.83,0
S85O0     ,FUTIDXNIFTY     28MAY2009                    ,2009-05-13,S,0,0,50,3660,183000,0,0,31.11
S85O0     ,FUTIDXNIFTY     28MAY2009                    ,2009-05-13,S,0,0,250,3713,928250,0,0,157.8
S85O0     ,FUTIDXMINIFTY   28MAY2009                    ,2009-05-13,S,0,0,20,3714,74198.06916,74.28,7.65,12.63
S85O0     ,FUTIDXMINIFTY   28MAY2009                    ,2009-05-13,S,0,0,20,3714,74198.06916,74.28,7.65,12.63
S85O0     ,FUTIDXMINIFTY   28MAY2009                    ,2009-05-13,S,0,0,20,3714,74198.06916,74.28,7.65,12.63
S85O0     ,FUTIDXNIFTY     28MAY2009                    ,2009-05-14,S,0,0,50,3600,179801.46,180,18.54,30.6
S85O0     ,FUTIDXNIFTY     28MAY2009                    ,2009-05-14,S,0,0,100,3620.75,361675.6368,362.07,37.29,61.55
S85O0     ,FUTIDXNIFTY     28MAY2009                    ,2009-05-14,S,0,0,150,3595,538655.2072,539.25,55.54,91.67
S85O0     ,FUTIDXNIFTY     28MAY2009                    ,2009-05-14,S,0,0,150,3585.3,537201.8121,537.79,55.39,91.43
S85O0     ,FUTIDXNIFTY     28MAY2009                    ,2009-05-14,S,0,0,50,3595,179551.7357,179.75,18.51,30.56
YACV7     ,FUTIDXMINIFTY   28MAY2009                    ,2009-05-14,P,20,3563,0,0,-71338.59978,71.26,7.34,0
S85O0     ,FUTIDXNIFTY     28MAY2009                    ,2009-05-14,S,0,0,50,3595,179551.7357,179.75,18.51,30.56
S85O0     ,OPTIDXNIFTY     28MAY2009CE   3700.00        ,2009-05-15,S,0,0,100,120.6,11727.4455,301.5,31.05,2.05
S85O0     ,OPTIDXNIFTY     28MAY2009CE   3700.00        ,2009-05-15,S,0,0,50,120.55,5861.294445,150.69,15.52,1.02
S85O0     ,FUTIDXNIFTY     28MAY2009                    ,2009-05-15,P,350,3650,0,0,-1278909.083,1277.5,131.58,0
S85O0     ,FUTIDXNIFTY     28MAY2009                    ,2009-05-15,P,50,3653.4,0,0,-182871.485,182.67,18.82,0
S85O0     ,FUTIDXNIFTY     28MAY2009                    ,2009-05-15,P,50,3653.4,0,0,-182871.485,182.67,18.82,0
S85O0     ,FUTIDXNIFTY     28MAY2009                    ,2009-05-15,P,150,3650,0,0,-548103.8925,547.5,56.39,0
S85O0     ,FUTIDXNIFTY     28MAY2009                    ,2009-05-15,P,100,3645,0,0,-364902.0435,364.5,37.54,0
AHBI4     ,FUTIDXNIFTY     28MAY2009                    ,2009-05-15,S,0,0,50,3662,182898.0407,183.1,18.86,31.13
S85O0     ,FUTIDXNIFTY     28MAY2009                    ,2009-05-15,P,50,3653.4,0,0,-182871.485,182.67,18.82,0
S85O0     ,FUTIDXNIFTY     28MAY2009                    ,2009-05-15,S,0,0,200,3696,739200,0,0,125.66
S85O0     ,FUTIDXNIFTY     28MAY2009                    ,2009-05-15,S,0,0,200,3685.25,737050,0,0,125.3
YACV7     ,FUTIDXMINIFTY   28MAY2009                    ,2009-05-15,S,0,0,20,3654,72999.39276,73.08,7.53,12.42
ZFLT3     ,OPTIDXNIFTY     28MAY2009PE   4000.00        ,2009-05-19,P,350,47,0,0,-17222.1,700,72.1,0
ZFLT3     ,OPTIDXNIFTY     28MAY2009PE   4000.00        ,2009-05-19,P,150,47,0,0,-7380.9,300,30.9,0
BRAL8     ,OPTIDXNIFTY     28MAY2009PE   4000.00        ,2009-05-19,P,50,45.5,0,0,-2385.3,100,10.3,0
C9B59     ,OPTIDXNIFTY     28MAY2009PE   4000.00        ,2009-05-19,P,50,46.5,0,0,-2435.3,100,10.3,0
XJVQ7     ,OPTIDXNIFTY     28MAY2009PE   4000.00        ,2009-05-19,P,50,47.25,0,0,-2472.8,100,10.3,0
XJVQ7     ,OPTIDXNIFTY     28MAY2009PE   4000.00        ,2009-05-19,P,50,47.25,0,0,-2472.8,100,10.3,0
XJVQ7     ,OPTIDXNIFTY     28MAY2009PE   4000.00        ,2009-05-19,P,50,47.25,0,0,-2472.8,100,10.3,0
AWPY0     ,OPTIDXNIFTY     28MAY2009PE   4000.00        ,2009-05-19,P,100,46,0,0,-4820.6,200,20.6,0
BFSI8     ,OPTIDXNIFTY     28MAY2009PE   4000.00        ,2009-05-19,P,50,46.8,0,0,-2450.3,100,10.3,0
HBCO5     ,OPTIDXNIFTY     28MAY2009PE   4000.00        ,2009-05-19,P,250,46,0,0,-12051.5,500,51.5,0
NFQQ8     ,OPTIDXNIFTY     28MAY2009PE   4000.00        ,2009-05-19,P,50,46,0,0,-2410.3,100,10.3,0
VCCS0     ,OPTIDXNIFTY     28MAY2009PE   4000.00        ,2009-05-19,P,150,46,0,0,-7230.9,300,30.9,0
VCCS0     ,OPTIDXNIFTY     28MAY2009PE   4000.00        ,2009-05-19,P,250,46,0,0,-12051.5,500,51.5,0
ATKQ6     ,OPTIDXNIFTY     28MAY2009PE   4000.00        ,2009-05-19,P,100,46,0,0,-4800,181.32,18.68,0
EDL28     ,OPTIDXNIFTY     28MAY2009PE   4000.00        ,2009-05-19,P,350,45.8285,0,0,-16812.075,700,72.1,0
XPHD0     ,OPTIDXNIFTY     28MAY2009PE   4000.00        ,2009-05-19,P,50,46,0,0,-2410.3,100,10.3,0
XPHR9     ,OPTIDXNIFTY     28MAY2009PE   4000.00        ,2009-05-19,P,50,46,0,0,-2410.3,100,10.3,0
AHBI4     ,OPTIDXNIFTY     28MAY2009PE   4000.00        ,2009-05-19,P,50,48,0,0,-2510.3,100,10.3,0
VOOK6     ,OPTIDXNIFTY     28MAY2009PE   4000.00        ,2009-05-19,P,50,46,0,0,-2410.3,100,10.3,0
QI910     ,OPTIDXNIFTY     28MAY2009PE   4000.00        ,2009-05-19,P,100,46,0,0,-4820.6,200,20.6,0
B14U0     ,OPTIDXNIFTY     28MAY2009PE   4000.00        ,2009-05-19,P,50,46.95,0,0,-2457.8,100,10.3,0
YEV20     ,OPTIDXNIFTY     28MAY2009PE   4000.00        ,2009-05-19,P,350,45.5,0,0,-16697.1,700,72.1,0
Z7M37     ,FUTSTKICICIBANK 28MAY2009                    ,2009-05-19,S,0,0,700,741.1,518197.7967,518.77,53.43,88.19
M5P56     ,OPTIDXNIFTY     28MAY2009PE   4000.00        ,2009-05-19,P,300,46,0,0,-14461.8,600,61.8,0
S85O0     ,OPTIDXNIFTY     28MAY2009PE   4000.00        ,2009-05-19,P,500,47.5,0,0,-24853,1000,103,0
BOYP0     ,OPTIDXNIFTY     28MAY2009PE   4000.00        ,2009-05-19,P,250,46,0,0,-12051.5,500,51.5,0
ZFLW2     ,FUTIDXMINIFTY   28MAY2009                    ,2009-05-20,P,20,4286.55,0,0,-85825.56019,85.73,8.83,0
AHBI4     ,FUTIDXNIFTY     28MAY2009                    ,2009-05-20,P,50,4283.8,0,0,-214426.2516,214.19,22.06,0
YEV20     ,FUTSTKABAN      28MAY2009                    ,2009-05-20,P,400,860,0,0,-344379.432,344,35.43,0
YEV20     ,FUTIDXMINIFTY   28MAY2009                    ,2009-05-20,P,20,4286.25,0,0,-85819.55357,85.72,8.83,0
YEV20     ,FUTSTKABAN      28MAY2009                    ,2009-05-20,S,0,0,400,884.15,353660,0,0,60.12
Z7M37     ,FUTSTKICICIBANK 28MAY2009                    ,2009-05-20,P,700,720.8,0,0,-505116.5297,504.56,51.97,0
X9980     ,FUTIDXMINIFTY   28MAY2009                    ,2009-05-20,P,20,4286.9,0,0,-85832.56901,85.74,8.83,0
TPD23     ,FUTSTKICICIBANK 28MAY2009                    ,2009-05-21,P,700,686.4,0,0,-481009.9694,480.48,49.49,0
YEV20     ,FUTIDXMINIFTY   28MAY2009                    ,2009-05-21,P,20,4227,0,0,-84633.24762,84.54,8.71,0
Z7M37     ,FUTSTKICICIBANK 25JUN2009                    ,2009-05-21,S,0,0,700,700,489459.53,490,50.47,83.3
BRAL8     ,OPTIDXNIFTY     28MAY2009PE   4000.00        ,2009-05-25,S,0,0,50,8,289.7,100,10.3,0.07
C9B59     ,OPTIDXNIFTY     28MAY2009PE   4000.00        ,2009-05-25,S,0,0,50,8,289.7,100,10.3,0.07
EDL28     ,OPTIDXNIFTY     28MAY2009PE   4000.00        ,2009-05-25,S,0,0,350,8.2,2097.9,700,72.1,0.49
NFQQ8     ,OPTIDXNIFTY     28MAY2009PE   4000.00        ,2009-05-25,S,0,0,50,8,289.7,100,10.3,0.07
XJVQ7     ,OPTIDXNIFTY     28MAY2009PE   4000.00        ,2009-05-25,S,0,0,150,8.1,884.1,300,30.9,0.21
XPHD0     ,OPTIDXNIFTY     28MAY2009PE   4000.00        ,2009-05-25,S,0,0,50,8,289.7,100,10.3,0.07
XPHR9     ,OPTIDXNIFTY     28MAY2009PE   4000.00        ,2009-05-25,S,0,0,50,8,289.7,100,10.3,0.07
VCCS0     ,OPTIDXNIFTY     28MAY2009PE   4000.00        ,2009-05-25,S,0,0,400,8.15,2377.6,800,82.4,0.55
QI910     ,OPTIDXNIFTY     28MAY2009PE   4000.00        ,2009-05-25,S,0,0,100,8.1,589.4,200,20.6,0.14
M5P56     ,OPTIDXNIFTY     28MAY2009PE   4000.00        ,2009-05-25,S,0,0,150,8.2,899.1,300,30.9,0.21
M5P56     ,OPTIDXNIFTY     28MAY2009PE   4000.00        ,2009-05-25,S,0,0,150,8.15,891.6,300,30.9,0.21
HBCO5     ,OPTIDXNIFTY     28MAY2009PE   4000.00        ,2009-05-25,S,0,0,150,8.1,884.1,300,30.9,0.21
HBCO5     ,OPTIDXNIFTY     28MAY2009PE   4000.00        ,2009-05-25,S,0,0,100,8.15,594.4,200,20.6,0.14
BFSI8     ,OPTIDXNIFTY     28MAY2009PE   4000.00        ,2009-05-25,S,0,0,50,8,289.7,100,10.3,0.07
BOYP0     ,OPTIDXNIFTY     28MAY2009PE   4000.00        ,2009-05-25,S,0,0,250,8.1,1473.5,500,51.5,0.34
AWPY0     ,OPTIDXNIFTY     28MAY2009PE   4000.00        ,2009-05-25,S,0,0,100,8,579.4,200,20.6,0.14
B14U0     ,OPTIDXNIFTY     28MAY2009PE   4000.00        ,2009-05-25,S,0,0,50,8,289.7,100,10.3,0.07
AHBI4     ,OPTIDXNIFTY     28MAY2009PE   4000.00        ,2009-05-25,S,0,0,50,8,289.7,100,10.3,0.07
ATKQ6     ,OPTIDXNIFTY     28MAY2009PE   4000.00        ,2009-05-25,S,0,0,100,8.1,610,181.32,18.68,0.14
ZFLT3     ,OPTIDXNIFTY     28MAY2009PE   4000.00        ,2009-05-25,S,0,0,350,8,2027.9,700,72.1,0.48
YEV20     ,OPTIDXNIFTY     28MAY2009PE   4000.00        ,2009-05-25,S,0,0,50,8.15,297.2,100,10.3,0.07
YEV20     ,OPTIDXNIFTY     28MAY2009PE   4000.00        ,2009-05-25,S,0,0,200,8.1,1178.8,400,41.2,0.28
YEV20     ,OPTIDXNIFTY     28MAY2009PE   4000.00        ,2009-05-25,S,0,0,100,8.25,604.4,200,20.6,0.14
VOOK6     ,OPTIDXNIFTY     28MAY2009PE   4000.00        ,2009-05-25,S,0,0,50,8,289.7,100,10.3,0.07
ZFLT3     ,OPTIDXNIFTY     28MAY2009PE   4000.00        ,2009-05-25,S,0,0,100,8.5,629.4,200,20.6,0.14
ZFLT3     ,OPTIDXNIFTY     28MAY2009PE   4000.00        ,2009-05-25,S,0,0,50,8.5,314.7,100,10.3,0.07
YEV20     ,FUTSTKBHARTIARTL28MAY2009                    ,2009-05-25,P,500,799.55,0,0,-400215.9242,399.75,41.17,0
YEV20     ,FUTSTKBHARTIARTL28MAY2009                    ,2009-05-25,S,0,0,500,808,404000,0,0,68.68
VOOK6     ,OPTIDXNIFTY     28MAY2009PE   4200.00        ,2009-05-27,P,50,40,0,0,-2110.3,100,10.3,0
YEV20     ,OPTIDXNIFTY     28MAY2009PE   4200.00        ,2009-05-27,P,300,40,0,0,-12661.8,600,61.8,0
YEV20     ,OPTIDXNIFTY     28MAY2009PE   4200.00        ,2009-05-27,P,200,40,0,0,-8441.2,400,41.2,0
BRAL8     ,OPTIDXNIFTY     28MAY2009PE   4200.00        ,2009-05-27,S,0,0,50,17,739.7,100,10.3,0.14
NFQQ8     ,OPTIDXNIFTY     28MAY2009PE   4200.00        ,2009-05-27,S,0,0,50,17,739.7,100,10.3,0.14
VOOK6     ,OPTIDXNIFTY     28MAY2009PE   4200.00        ,2009-05-27,S,0,0,50,17,739.7,100,10.3,0.14
EDL28     ,OPTIDXNIFTY     28MAY2009PE   4200.00        ,2009-05-27,P,400,40,0,0,-16882.4,800,82.4,0
B14U0     ,OPTIDXNIFTY     28MAY2009PE   4200.00        ,2009-05-27,S,0,0,50,17,850,0,0,0.14
BOYP0     ,OPTIDXNIFTY     28MAY2009PE   4200.00        ,2009-05-27,P,350,40,0,0,-14772.1,700,72.1,0
M5P56     ,OPTIDXNIFTY     28MAY2009PE   4200.00        ,2009-05-27,S,0,0,200,17.5,3058.8,400,41.2,0.6
M5P56     ,OPTIDXNIFTY     28MAY2009PE   4200.00        ,2009-05-27,S,0,0,250,17.5,3823.5,500,51.5,0.74
YACV7     ,OPTIDXNIFTY     28MAY2009PE   4200.00        ,2009-05-27,P,100,40,0,0,-4220.6,200,20.6,0
XJVQ7     ,OPTIDXNIFTY     28MAY2009PE   4200.00        ,2009-05-27,P,200,40,0,0,-8441.2,400,41.2,0
AHBI4     ,OPTIDXNIFTY     28MAY2009PE   4200.00        ,2009-05-27,P,250,40,0,0,-10551.5,500,51.5,0
XPHD0     ,OPTIDXNIFTY     28MAY2009PE   4200.00        ,2009-05-27,P,100,40,0,0,-4220.6,200,20.6,0
XPHR9     ,OPTIDXNIFTY     28MAY2009PE   4200.00        ,2009-05-27,P,100,40,0,0,-4220.6,200,20.6,0
AHBI4     ,OPTIDXNIFTY     28MAY2009PE   4200.00        ,2009-05-27,S,0,0,50,17.9,784.7,100,10.3,0.15
AHBI4     ,OPTIDXNIFTY     28MAY2009PE   4200.00        ,2009-05-27,S,0,0,50,17.65,772.2,100,10.3,0.15
AHBI4     ,OPTIDXNIFTY     28MAY2009PE   4200.00        ,2009-05-27,S,0,0,50,17.65,772.2,100,10.3,0.15
AHBI4     ,OPTIDXNIFTY     28MAY2009PE   4200.00        ,2009-05-27,S,0,0,50,17.6,769.7,100,10.3,0.15
AHBI4     ,OPTIDXNIFTY     28MAY2009PE   4200.00        ,2009-05-27,S,0,0,50,17.55,767.2,100,10.3,0.15
BFSI8     ,OPTIDXNIFTY     28MAY2009PE   4200.00        ,2009-05-27,P,50,40,0,0,-2110.3,100,10.3,0
ZFLW2     ,OPTIDXNIFTY     28MAY2009PE   4200.00        ,2009-05-27,P,650,40,0,0,-27433.9,1300,133.9,0
VCCS0     ,OPTIDXNIFTY     28MAY2009PE   4200.00        ,2009-05-27,S,0,0,250,17.45,3811,500,51.5,0.74
VCCS0     ,OPTIDXNIFTY     28MAY2009PE   4200.00        ,2009-05-27,S,0,0,300,17.05,4453.2,600,61.8,0.87
YEV20     ,OPTIDXNIFTY     28MAY2009PE   4200.00        ,2009-05-27,S,0,0,50,17,739.7,100,10.3,0.14
HBCO5     ,OPTIDXNIFTY     28MAY2009PE   4200.00        ,2009-05-27,S,0,0,350,18,5527.9,700,72.1,1.07
ATKQ6     ,OPTIDXNIFTY     28MAY2009PE   4200.00        ,2009-05-27,P,150,39.7,0,0,-6255,271.99,28.01,0
EDL28     ,OPTIDXNIFTY     28MAY2009PE   4200.00        ,2009-05-27,S,0,0,400,17.6,6157.6,800,82.4,1.2
HBCO5     ,OPTIDXNIFTY     28MAY2009PE   4200.00        ,2009-05-27,P,100,40,0,0,-4220.6,200,20.6,0
QI910     ,OPTIDXNIFTY     28MAY2009PE   4200.00        ,2009-05-27,P,150,40,0,0,-6330.9,300,30.9,0
HBCO5     ,OPTIDXNIFTY     28MAY2009PE   4200.00        ,2009-05-27,P,250,40,0,0,-10551.5,500,51.5,0
BFSI8     ,OPTIDXNIFTY     28MAY2009PE   4200.00        ,2009-05-27,S,0,0,50,17,739.7,100,10.3,0.14
C9B59     ,OPTIDXNIFTY     28MAY2009PE   4200.00        ,2009-05-27,P,50,40,0,0,-2110.3,100,10.3,0
ZFLW2     ,FUTIDXMINIFTY   28MAY2009                    ,2009-05-27,S,0,0,20,4225,84406.7965,84.5,8.7,14.37
ZFLW2     ,OPTIDXNIFTY     28MAY2009PE   4200.00        ,2009-05-27,S,0,0,650,17.8,11570,0,0,1.97
ATKQ6     ,OPTIDXNIFTY     28MAY2009PE   4200.00        ,2009-05-27,S,0,0,150,17.1,2265,271.99,28.01,0.44
XJVQ7     ,OPTIDXNIFTY     28MAY2009PE   4200.00        ,2009-05-27,S,0,0,100,17.3,1509.4,200,20.6,0.29
XJVQ7     ,OPTIDXNIFTY     28MAY2009PE   4200.00        ,2009-05-27,S,0,0,50,17.15,747.2,100,10.3,0.15
XJVQ7     ,OPTIDXNIFTY     28MAY2009PE   4200.00        ,2009-05-27,S,0,0,50,17.1,744.7,100,10.3,0.15
YACV7     ,OPTIDXNIFTY     28MAY2009PE   4200.00        ,2009-05-27,S,0,0,100,17.2,1499.4,200,20.6,0.29
AWPY0     ,OPTIDXNIFTY     28MAY2009PE   4200.00        ,2009-05-27,S,0,0,100,17.35,1514.4,200,20.6,0.29
XPHD0     ,OPTIDXNIFTY     28MAY2009PE   4200.00        ,2009-05-27,S,0,0,100,17.4,1519.4,200,20.6,0.3
XPHR9     ,OPTIDXNIFTY     28MAY2009PE   4200.00        ,2009-05-27,S,0,0,100,17.1,1489.4,200,20.6,0.29
QI910     ,OPTIDXNIFTY     28MAY2009PE   4200.00        ,2009-05-27,S,0,0,100,17,1479.4,200,20.6,0.29
QI910     ,OPTIDXNIFTY     28MAY2009PE   4200.00        ,2009-05-27,S,0,0,50,17,739.7,100,10.3,0.14
AWPY0     ,OPTIDXNIFTY     28MAY2009PE   4200.00        ,2009-05-27,P,100,40,0,0,-4220.6,200,20.6,0
C9B59     ,OPTIDXNIFTY     28MAY2009PE   4200.00        ,2009-05-27,S,0,0,50,17,850,0,0,0.14
NFQQ8     ,OPTIDXNIFTY     28MAY2009PE   4200.00        ,2009-05-27,P,50,40,0,0,-2110.3,100,10.3,0
B14U0     ,OPTIDXNIFTY     28MAY2009PE   4200.00        ,2009-05-27,P,50,40,0,0,-2110.3,100,10.3,0
X9980     ,FUTIDXMINIFTY   28MAY2009                    ,2009-05-27,S,0,0,20,4225,84406.7965,84.5,8.7,14.37
BRAL8     ,OPTIDXNIFTY     28MAY2009PE   4200.00        ,2009-05-27,P,50,40,0,0,-2110.3,100,10.3,0
M5P56     ,OPTIDXNIFTY     28MAY2009PE   4200.00        ,2009-05-27,P,450,40,0,0,-18992.7,900,92.7,0
YEV20     ,OPTIDXNIFTY     28MAY2009PE   4200.00        ,2009-05-27,S,0,0,450,17,6657.3,900,92.7,1.3
BOYP0     ,OPTIDXNIFTY     28MAY2009PE   4200.00        ,2009-05-27,S,0,0,250,18.15,4537.5,0,0,0.77
BOYP0     ,OPTIDXNIFTY     28MAY2009PE   4200.00        ,2009-05-27,S,0,0,100,18,1800,0,0,0.31
VCCS0     ,OPTIDXNIFTY     28MAY2009PE   4200.00        ,2009-05-27,P,550,40,0,0,-23213.3,1100,113.3,0
Z7M37     ,FUTIDXMINIFTY   25JUN2009                    ,2009-05-28,S,0,0,20,4335,86604.3699,86.7,8.93,14.74
YACV7     ,FUTIDXMINIFTY   25JUN2009                    ,2009-05-28,S,0,0,20,4345,86804.1493,86.9,8.95,14.77
Z7M37     ,FUTIDXMINIFTY   25JUN2009                    ,2009-05-28,S,0,0,60,4335,259813.1097,260.1,26.79,44.22
Z7M37     ,FUTIDXMINIFTY   25JUN2009                    ,2009-05-28,S,0,0,20,4335,86604.3699,86.7,8.93,14.74
Z7M37     ,FUTIDXMINIFTY   25JUN2009                    ,2009-05-28,S,0,0,20,4335,86604.3699,86.7,8.93,14.74
YEV20     ,FUTIDXMINIFTY   28MAY2009                    ,2009-05-28,S,0,0,40,4345,173608.2986,173.8,17.9,29.55
TPD23     ,FUTIDXMINIFTY   28MAY2009                    ,2009-05-28,P,100,4316.5,0,0,-432126.1099,431.65,44.46,0
TPD23     ,FUTIDXNIFTY     28MAY2009                    ,2009-05-28,P,50,4345,0,0,-217489.6267,217.25,22.38,0
YACV7     ,FUTIDXMINIFTY   28MAY2009                    ,2009-05-28,P,20,4341,0,0,-86915.76246,86.82,8.94,0
ADMF9     ,OPTSTKITC       25JUN2009CA    200.00        ,2009-05-29,S,0,0,2250,4.15,9080.142525,233.33,24.03,1.59
AHBI4     ,FUTIDXMINIFTY   25JUN2009                    ,2009-06-01,S,0,0,20,4512.1,90242,0,0,15.34
AHBI4     ,FUTIDXMINIFTY   25JUN2009                    ,2009-06-01,P,20,4550,0,0,-91100.373,91,9.37,0
YACV7     ,FUTIDXMINIFTY   25JUN2009                    ,2009-06-03,S,0,0,20,4532.5,90550.01305,90.65,9.34,15.41
YEV20     ,FUTIDXMINIFTY   25JUN2009                    ,2009-06-03,S,0,0,20,4533,90560.00202,90.66,9.34,15.41
YEV20     ,FUTIDXMINIFTY   25JUN2009                    ,2009-06-03,S,0,0,20,4513.1,90162.44101,90.26,9.3,15.34
EDL28     ,FUTIDXMINIFTY   25JUN2009                    ,2009-06-03,S,0,0,20,4533,90560.00202,90.66,9.34,15.41
ZFLW2     ,FUTIDXMINIFTY   25JUN2009                    ,2009-06-03,S,0,0,20,4533,90560.00202,90.66,9.34,15.41
VCCS0     ,FUTIDXMINIFTY   25JUN2009                    ,2009-06-03,S,0,0,20,4535,90599.9579,90.7,9.34,15.42
VCCS0     ,FUTIDXMINIFTY   25JUN2009                    ,2009-06-03,S,0,0,20,4532.6,90552.01084,90.65,9.34,15.41
AHBI4     ,FUTIDXMINIFTY   25JUN2009                    ,2009-06-03,S,0,0,20,4533.1,90561.99981,90.66,9.34,15.41
VCCS0     ,FUTIDXMINIFTY   25JUN2009                    ,2009-06-03,P,20,4531.5,0,0,-90630,0,0,0
AHBI4     ,FUTIDXMINIFTY   25JUN2009                    ,2009-06-08,P,20,4460,0,0,-89298.3876,89.2,9.19,0
YEV20     ,FUTIDXMINIFTY   25JUN2009                    ,2009-06-08,P,40,4460,0,0,-178596.7752,178.4,18.38,0
VCCS0     ,FUTIDXMINIFTY   25JUN2009                    ,2009-06-08,P,20,4460,0,0,-89298.3876,89.2,9.19,0
ZFLW2     ,FUTIDXMINIFTY   25JUN2009                    ,2009-06-08,P,20,4460,0,0,-89298.3876,89.2,9.19,0
EDL28     ,FUTIDXMINIFTY   25JUN2009                    ,2009-06-08,P,20,4460,0,0,-89298.3876,89.2,9.19,0
ADMF9     ,OPTSTKITC       25JUN2009CA    205.00        ,2009-06-09,S,0,0,2250,4,8751.825,225,23.18,1.53
Q6L18     ,FUTIDXMINIFTY   25JUN2009                    ,2009-06-10,S,0,0,20,4664.2,93181.10775,93.28,9.61,15.86
V4O74     ,OPTIDXNIFTY     25JUN2009CE   4650.00        ,2009-06-11,P,50,134.75,0,0,-6923.283805,168.43,17.35,0
T31V5     ,OPTIDXNIFTY     25JUN2009CE   4650.00        ,2009-06-11,P,50,129.9,0,0,-6674.099625,162.37,16.72,0
T31V5     ,OPTIDXNIFTY     25JUN2009CE   4650.00        ,2009-06-11,P,50,135,0,0,-6936.13125,168.75,17.38,0
XBYT5     ,OPTSTKRCOM      25JUN2009CA    350.00        ,2009-06-12,P,1400,12.5,0,0,-17982.5625,437.5,45.06,0
V4O74     ,OPTIDXNIFTY     25JUN2009CE   4650.00        ,2009-06-12,S,0,0,50,132,6418.005,165,17,1.12
T31V5     ,OPTIDXNIFTY     25JUN2009CE   4650.00        ,2009-06-12,S,0,0,50,135,6563.86875,168.75,17.38,1.15
T31V5     ,OPTIDXNIFTY     25JUN2009CE   4650.00        ,2009-06-12,S,0,0,50,132,6418.005,165,17,1.12
T31V5     ,OPTIDXNIFTY     25JUN2009CE   4500.00        ,2009-06-16,S,0,0,50,117.5,5712.996875,146.87,15.13,1
T31V5     ,OPTIDXNIFTY     25JUN2009CE   4500.00        ,2009-06-16,P,50,97.5,0,0,-5009.428125,121.88,12.55,0
XBYT5     ,OPTSTKRCOM      25JUN2009CA    350.00        ,2009-06-17,P,1400,4.6,0,0,-6617.583,161,16.58,0
YEV20     ,FUTSTKBHEL      25JUN2009                    ,2009-06-17,S,0,0,300,2119,635700,0,0,108.07
YEV20     ,FUTSTKICICIBANK 25JUN2009                    ,2009-06-17,S,0,0,700,730.1,511070,0,0,86.88
YEV20     ,FUTSTKBHEL      25JUN2009                    ,2009-06-17,P,300,2123,0,0,-637602.5007,636.9,65.6,0
VCCS0     ,FUTSTKLT        25JUN2009                    ,2009-06-17,S,0,0,400,1517,606800,0,0,103.16
YEV20     ,FUTSTKLT        25JUN2009                    ,2009-06-17,P,400,1496,0,0,-599060.0352,598.4,61.64,0
YEV20     ,FUTIDXMINIFTY   25JUN2009                    ,2009-06-17,P,40,4338,0,0,-173711.3926,173.52,17.87,0
VCCS0     ,FUTSTKBHEL      25JUN2009                    ,2009-06-17,P,300,2123,0,0,-637602.5007,636.9,65.6,0
VCCS0     ,FUTSTKICICIBANK 25JUN2009                    ,2009-06-17,P,700,721,0,0,-505256.6841,504.7,51.98,0
VCCS0     ,FUTSTKBHEL      25JUN2009                    ,2009-06-17,S,0,0,300,2118,635400,0,0,108.02
VCCS0     ,FUTSTKICICIBANK 25JUN2009                    ,2009-06-17,S,0,0,700,730.1,511070,0,0,86.88
VCCS0     ,FUTSTKLT        25JUN2009                    ,2009-06-17,P,400,1496.9,0,0,-599420.4323,598.76,61.67,0
VCCS0     ,FUTIDXMINIFTY   25JUN2009                    ,2009-06-17,P,40,4336,0,0,-173631.3043,173.44,17.86,0
YEV20     ,FUTSTKICICIBANK 25JUN2009                    ,2009-06-17,P,700,721,0,0,-505256.6841,504.7,51.98,0
Q6L18     ,FUTIDXMINIFTY   25JUN2009                    ,2009-06-17,P,20,4400,0,0,-88097.064,88,9.06,0
YEV20     ,FUTSTKLT        25JUN2009                    ,2009-06-17,S,0,0,400,1517,606800,0,0,103.16
Q6L18     ,FUTIDXMINIFTY   25JUN2009                    ,2009-06-18,P,20,4260,0,0,-85293.9756,85.2,8.78,0
V4O74     ,OPTIDXNIFTY     25JUN2009CE   4400.00        ,2009-06-18,S,0,0,50,44.25,2212.5,0,0,0.38
X9980     ,FUTIDXMINIFTY   25JUN2009                    ,2009-06-18,P,20,4265.85,0,0,-85411.10355,85.32,8.79,0
V4O74     ,OPTIDXNIFTY     25JUN2009CE   4400.00        ,2009-06-18,P,50,84.75,0,0,-4354.346305,105.93,10.91,0
YEV20     ,FUTIDXMINIFTY   25JUN2009                    ,2009-06-18,P,20,4262.75,0,0,-85349.03516,85.25,8.78,0
T31V5     ,OPTIDXNIFTY     25JUN2009CE   4400.00        ,2009-06-18,S,0,0,100,43.2,4099.4,200,20.6,0.73
T31V5     ,OPTIDXNIFTY     25JUN2009CE   4400.00        ,2009-06-18,P,50,83.9,0,0,-4310.677125,104.88,10.8,0
T31V5     ,OPTIDXNIFTY     25JUN2009CE   4400.00        ,2009-06-18,P,50,83.7,0,0,-4300.401375,104.62,10.78,0
Q6L18     ,FUTIDXMINIFTY   25JUN2009                    ,2009-06-19,S,0,0,20,4315,86204.8111,86.3,8.89,14.67
Q6L18     ,FUTIDXMINIFTY   25JUN2009                    ,2009-06-19,S,0,0,20,4330,86504.4802,86.6,8.92,14.72
YEV20     ,OPTIDXNIFTY     25JUN2009CE   4300.00        ,2009-06-22,S,0,0,50,42.65,2022.2,100,10.3,0.36
YEV20     ,OPTIDXNIFTY     25JUN2009PE   4300.00        ,2009-06-22,S,0,0,50,104.05,5059.04382,130.06,13.4,0.88
N74O0     ,OPTIDXNIFTY     25JUN2009PE   4300.00        ,2009-06-22,P,50,74.65,0,0,-3842.8,100,10.3,0
N74O0     ,OPTIDXNIFTY     25JUN2009CE   4300.00        ,2009-06-22,S,0,0,50,41.05,1942.2,100,10.3,0.35
N74O0     ,OPTIDXNIFTY     25JUN2009PE   4300.00        ,2009-06-22,S,0,0,50,98.7,4798.917375,123.38,12.71,0.84
N74O0     ,OPTIDXNIFTY     25JUN2009CE   4300.00        ,2009-06-22,P,50,68,0,0,-3510.3,100,10.3,0
YACV7     ,FUTIDXMINIFTY   25JUN2009                    ,2009-06-22,P,20,4265.7,0,0,-85408.10134,85.31,8.79,0
YEV20     ,OPTIDXNIFTY     25JUN2009CE   4300.00        ,2009-06-22,P,50,66,0,0,-3410.3,100,10.3,0
Z7M37     ,FUTIDXMINIFTY   25JUN2009                    ,2009-06-22,P,20,4257.9,0,0,-85251.92927,85.16,8.77,0
YEV20     ,OPTIDXNIFTY     25JUN2009PE   4300.00        ,2009-06-22,P,50,75,0,0,-3860.3,100,10.3,0
YEV20     ,FUTSTKLT        25JUN2009                    ,2009-06-23,P,400,1450,0,0,-580639.74,580,59.74,0
YEV20     ,FUTSTKLT        25JUN2009                    ,2009-06-23,P,400,1450,0,0,-580639.74,580,59.74,0
VCCS0     ,FUTSTKLT        25JUN2009                    ,2009-06-23,S,0,0,400,1488.65,595460,0,0,101.23
VCCS0     ,FUTSTKLT        25JUN2009                    ,2009-06-23,P,400,1450.65,0,0,-580900.0047,580.24,59.76,0
Q6L18     ,FUTIDXMINIFTY   25JUN2009                    ,2009-06-23,P,20,4264.75,0,0,-85389.07928,85.29,8.79,0
YACV7     ,FUTIDXMINIFTY   25JUN2009                    ,2009-06-23,P,20,4200,0,0,-84092.652,84,8.65,0
YEV20     ,FUTSTKLT        25JUN2009                    ,2009-06-23,S,0,0,400,1449,579600,0,0,98.53
YEV20     ,FUTSTKLT        25JUN2009                    ,2009-06-23,S,0,0,400,1488.65,595460,0,0,101.23
YEV20     ,FUTSTKBHEL      25JUN2009                    ,2009-06-23,P,300,2068,0,0,-621084.3012,620.4,63.9,0
YEV20     ,FUTSTKBHEL      25JUN2009                    ,2009-06-23,P,300,2117,0,0,-635800.5153,635.1,65.42,0
VCCS0     ,FUTSTKBHEL      25JUN2009                    ,2009-06-23,P,300,2117.35,0,0,-635905.6146,635.19,65.42,0
VCCS0     ,FUTSTKBHEL      25JUN2009                    ,2009-06-23,S,0,0,300,2101.3,630390,0,0,107.17
Z7M37     ,FUTIDXMINIFTY   25JUN2009                    ,2009-06-23,P,40,4200,0,0,-168185.304,168,17.3,0
YEV20     ,FUTSTKBHEL      25JUN2009                    ,2009-06-23,S,0,0,300,2070,621000,0,0,105.57
YEV20     ,FUTSTKBHEL      25JUN2009                    ,2009-06-23,S,0,0,300,2070,621000,0,0,105.57
Z7M37     ,FUTSTKICICIBANK 25JUN2009                    ,2009-06-24,P,700,682.4,0,0,-478206.881,477.68,49.2,0
Z7M37     ,FUTIDXMINIFTY   25JUN2009                    ,2009-06-24,P,20,4239.7,0,0,-84887.52778,84.79,8.73,0
Z7M37     ,FUTIDXMINIFTY   25JUN2009                    ,2009-06-24,P,20,4239.9,0,0,-84891.53219,84.8,8.73,0
Q6L18     ,FUTIDXMINIFTY   30JUL2009                    ,2009-06-25,S,0,0,20,4265,85205.9141,85.3,8.79,14.5
YEV20     ,FUTIDXMINIFTY   25JUN2009                    ,2009-06-25,S,0,0,20,4233.2,84570.61561,84.66,8.72,14.39
VCCS0     ,FUTIDXMINIFTY   25JUN2009                    ,2009-06-25,S,0,0,40,4234.4,169189.1783,169.38,17.45,28.79
X9980     ,FUTIDXMINIFTY   30JUL2009                    ,2009-06-25,P,20,4253,0,0,-85153.82118,85.06,8.76,0
YEV20     ,FUTIDXMINIFTY   25JUN2009                    ,2009-06-25,S,0,0,20,4234,84586.59796,84.68,8.72,14.4
Z7M37     ,FUTIDXMINIFTY   25JUN2009                    ,2009-06-25,P,20,4275,0,0,-85594.3065,85.5,8.81,0
YEV20     ,FUTIDXMINIFTY   30JUL2009                    ,2009-06-25,P,20,4252.9,0,0,-85151.81897,85.06,8.76,0
YEV20     ,FUTIDXMINIFTY   30JUL2009                    ,2009-06-25,P,20,4253,0,0,-85153.82118,85.06,8.76,0
YEV20     ,FUTIDXMINIFTY   30JUL2009                    ,2009-06-25,P,20,4253.35,0,0,-85160.8278,85.07,8.76,0
VCCS0     ,FUTIDXMINIFTY   30JUL2009                    ,2009-06-25,P,40,4253.95,0,0,-170345.6821,170.16,17.53,0
YEV20     ,FUTIDXMINIFTY   25JUN2009                    ,2009-06-25,S,0,0,20,4234,84586.59796,84.68,8.72,14.4
X9980     ,FUTIDXMINIFTY   25JUN2009                    ,2009-06-25,S,0,0,20,4232.55,84557.63105,84.65,8.72,14.39
Q6L18     ,FUTIDXMINIFTY   30JUL2009                    ,2009-06-26,S,0,0,20,4372.4,87351.54486,87.45,9.01,14.87
X9980     ,FUTIDXMINIFTY   30JUL2009                    ,2009-07-01,S,0,0,20,4340,86704.2596,86.8,8.94,14.76
YEV20     ,FUTIDXMINIFTY   30JUL2009                    ,2009-07-01,S,0,0,20,4340,86704.2596,86.8,8.94,14.76
VCCS0     ,FUTIDXMINIFTY   30JUL2009                    ,2009-07-01,S,0,0,40,4340,173408.5192,173.6,17.88,29.51
YEV20     ,FUTIDXMINIFTY   30JUL2009                    ,2009-07-01,S,0,0,20,4340,86704.2596,86.8,8.94,14.76
YEV20     ,FUTIDXMINIFTY   30JUL2009                    ,2009-07-01,S,0,0,20,4340,86704.2596,86.8,8.94,14.76
Q6L18     ,FUTIDXMINIFTY   30JUL2009                    ,2009-07-06,P,20,4179.7,0,0,-83686.20418,83.59,8.61,0
ADMF9     ,OPTSTKITC       30JUL2009CA    215.00        ,2009-07-07,S,0,0,2250,3.75,8204.960025,210.83,21.71,1.43
Q6L18     ,FUTIDXMINIFTY   30JUL2009                    ,2009-07-08,P,20,4069,0,0,-81469.76214,81.38,8.38,0
Q6L18     ,FUTSTKBANKINDIA 30JUL2009                    ,2009-07-09,S,0,0,950,317,301150,0,0,51.2
Q6L18     ,FUTSTKBANKINDIA 30JUL2009                    ,2009-07-09,P,950,314,0,0,-298629.0249,298.3,30.72,0
TPD23     ,FUTSTKRCOM      30JUL2009                    ,2009-07-13,P,700,238.7,0,0,-167274.3003,167.09,17.21,0
Z7M37     ,FUTSTKRCOM      27AUG2009                    ,2009-07-16,P,700,266,0,0,-186405.3786,186.2,19.18,0
TPD23     ,FUTSTKRCOM      30JUL2009                    ,2009-07-16,S,0,0,700,269,188092.3051,188.3,19.39,32.01
Q6L18     ,FUTIDXMINIFTY   30JUL2009                    ,2009-07-17,S,0,0,20,4345,86804.1493,86.9,8.95,14.77
Z7M37     ,FUTSTKRCOM      27AUG2009                    ,2009-07-17,S,0,0,700,275,192287.6725,192.5,19.83,32.73
Z7M37     ,FUTSTKITC       27AUG2009                    ,2009-07-17,S,0,0,1125,231.35,259981.7356,260.21,26.8,44.25
Z7M37     ,FUTSTKITC       27AUG2009                    ,2009-07-20,P,1125,226,0,0,-254530.4378,254.25,26.19,0
Q6L18     ,FUTIDXMINIFTY   30JUL2009                    ,2009-07-22,P,20,4558.05,0,0,-91261.54948,91.16,9.39,0
Q6L18     ,FUTSTKBANKINDIA 30JUL2009                    ,2009-07-22,P,950,345.65,0,0,-328729.637,328.32,33.82,0
Q6L18     ,FUTSTKBANKINDIA 30JUL2009                    ,2009-07-22,S,0,0,950,358,340100,0,0,57.82
Z7M37     ,FUTIDXNIFTY     27AUG2009                    ,2009-07-22,S,0,0,50,4545,227250,0,0,38.63
Z7M37     ,FUTIDXNIFTY     27AUG2009                    ,2009-07-22,P,50,4415,0,0,-220993.4873,220.75,22.74,0
Q6L18     ,FUTSTKBANKINDIA 30JUL2009                    ,2009-07-23,S,0,0,950,359.3,340958.5075,341.34,35.16,58.03
Z7M37     ,FUTIDXNIFTY     27AUG2009                    ,2009-07-23,S,0,0,50,4529,226200.2256,226.45,23.32,38.5
Z7M37     ,FUTIDXNIFTY     27AUG2009                    ,2009-07-24,S,0,0,50,4584,228947.1924,229.2,23.61,38.96
Q6L18     ,FUTSTKBANKINDIA 30JUL2009                    ,2009-07-24,P,950,355.3,0,0,-337907.3011,337.54,34.77,0
Q6L18     ,FUTSTKDRREDDY   30JUL2009                    ,2009-07-24,S,0,0,400,816,326039.9808,326.4,33.62,55.49
Q6L18     ,FUTSTKDRREDDY   30JUL2009                    ,2009-07-27,P,400,803.25,0,0,-321654.3718,321.28,33.09,0
Z7M37     ,FUTIDXNIFTY     27AUG2009                    ,2009-07-29,P,50,4481,0,0,-224297.1272,224.05,23.08,0
Z7M37     ,FUTIDXNIFTY     27AUG2009                    ,2009-07-29,P,50,4481,0,0,-224297.1272,224.05,23.08,0
Z7M37     ,FUTIDXNIFTY     27AUG2009                    ,2009-07-29,S,0,0,50,4525,226250,0,0,38.46
ADMF9     ,OPTSTKITC       30JUL2009CA    215.00        ,2009-07-30,P,2250,242.7,0,0,-546677.3207,546.08,56.25,0
Z7M37     ,FUTSTKRECLTD    27AUG2009                    ,2009-07-30,S,0,0,1950,204.9,399114.2908,399.56,41.15,67.92
Z7M37     ,FUTSTKRECLTD    27AUG2009                    ,2009-08-04,P,1950,197.1,0,0,-384768.9325,384.35,39.59,0
Z7M37     ,FUTSTKMARUTI    27AUG2009                    ,2009-08-05,S,0,0,200,1450,289680.13,290,29.87,49.3
Z7M37     ,FUTSTKMARUTI    27AUG2009                    ,2009-08-06,S,0,0,200,1385,277000,0,0,47.09
Z7M37     ,FUTSTKICICIBANK 27AUG2009                    ,2009-08-06,S,0,0,350,793,277243.8624,277.55,28.59,47.18
Z7M37     ,FUTSTKMARUTI    27AUG2009                    ,2009-08-06,P,200,1412,0,0,-282711.4872,282.4,29.09,0
Z7M37     ,FUTSTKMARUTI    27AUG2009                    ,2009-08-06,P,200,1395.4,0,0,-279387.8252,279.08,28.75,0
FERL5     ,FUTSTKICICIBANK 27AUG2009                    ,2009-08-07,S,0,0,350,762,266700,0,0,45.34
FERL5     ,FUTSTKMARUTI    27AUG2009                    ,2009-08-07,S,0,0,200,1314,262800,0,0,44.68
YEV20     ,FUTSTKICICIBANK 27AUG2009                    ,2009-08-07,S,0,0,350,763.1,267085,0,0,45.4
YEV20     ,FUTSTKMARUTI    27AUG2009                    ,2009-08-07,S,0,0,200,1314.05,262810,0,0,44.68
YEV20     ,FUTSTKICICIBANK 27AUG2009                    ,2009-08-07,P,350,746.6,0,0,-261598.2249,261.31,26.91,0
YEV20     ,FUTSTKMARUTI    27AUG2009                    ,2009-08-07,P,200,1308,0,0,-261888.5448,261.6,26.94,0
Z7M37     ,FUTSTKICICIBANK 27AUG2009                    ,2009-08-07,P,350,747,0,0,-261738.3794,261.45,26.93,0
FERL5     ,FUTSTKICICIBANK 27AUG2009                    ,2009-08-07,P,350,746.9,0,0,-261703.3407,261.42,26.93,0
FERL5     ,FUTSTKMARUTI    27AUG2009                    ,2009-08-07,P,200,1308,0,0,-261888.5448,261.6,26.94,0
EORU0     ,FUTSTKASHOKLEY  24SEP2009                    ,2009-08-10,P,9550,33.5,0,0,-320277.8773,319.93,32.95,0
FERL5     ,FUTIDXMINIFTY   27AUG2009                    ,2009-08-12,P,20,4420,0,0,-88497.5052,88.4,9.11,0
EORU0     ,FUTSTKASHOKLEY  24SEP2009                    ,2009-08-12,P,9550,34.6,0,0,-330794.4643,330.43,34.03,0
Q6L18     ,FUTSTKBANKINDIA 27AUG2009                    ,2009-08-12,P,950,305,0,0,-290069.5942,289.75,29.84,0
Q6L18     ,FUTSTKBANKINDIA 27AUG2009                    ,2009-08-12,S,0,0,950,309,293550,0,0,49.9
Z7M37     ,FUTSTKICICIBANK 27AUG2009                    ,2009-08-13,S,0,0,350,743.1,260085,0,0,44.21
Z7M37     ,FUTSTKICICIBANK 27AUG2009                    ,2009-08-13,P,350,750.55,0,0,-262982.2305,262.68,27.06,0
YACV7     ,FUTIDXNIFTY     27AUG2009                    ,2009-08-14,P,50,4594.95,0,0,-230000.9087,229.75,23.66,0
YACV7     ,FUTIDXNIFTY     27AUG2009                    ,2009-08-14,P,50,4568.95,0,0,-228699.4748,228.45,23.53,0
YACV7     ,FUTIDXNIFTY     27AUG2009                    ,2009-08-14,S,0,0,50,4578.05,228902.5,0,0,38.91
YACV7     ,FUTIDXNIFTY     27AUG2009                    ,2009-08-14,S,0,0,50,4564.45,228222.5,0,0,38.8
EORU0     ,FUTSTKASHOKLEY  24SEP2009                    ,2009-08-17,P,9550,35.15,0,0,-336052.2311,335.2,34.53,0
QYDY3     ,FUTIDXMINIFTY   27AUG2009                    ,2009-08-17,P,20,4371.6,0,0,-87528.4375,87.43,9.01,0
QYDY3     ,FUTIDXMINIFTY   27AUG2009                    ,2009-08-18,S,0,0,20,4390,87703.1566,87.8,9.04,14.93
FERL5     ,FUTIDXMINIFTY   27AUG2009                    ,2009-08-19,P,20,4372.9,0,0,-87554.46617,87.46,9.01,0
FERL5     ,FUTIDXMINIFTY   27AUG2009                    ,2009-08-24,S,0,0,40,4631,185035.6803,185.24,19.08,31.49
EORU0     ,FUTSTKASHOKLEY  24SEP2009                    ,2009-08-24,S,0,0,9550,37.25,355345.6482,355.26,36.59,60.48
EORU0     ,FUTSTKASHOKLEY  24SEP2009                    ,2009-08-24,S,0,0,9550,37.3,355822.0949,356.21,36.69,60.56
EORU0     ,FUTSTKASHOKLEY  24SEP2009                    ,2009-08-24,S,0,0,9550,37.35,356299.5949,356.22,36.69,60.64
Z7M37     ,FUTIDXNIFTY     27AUG2009                    ,2009-08-27,P,50,4705,0,0,-235509.4808,235.25,24.23,0
Z7M37     ,FUTIDXNIFTY     24SEP2009                    ,2009-08-27,S,0,0,50,4712.6,235370.1001,235.63,24.27,40.06
EORU0     ,FUTSTKLT        29OCT2009                    ,2009-08-31,P,200,1572,0,0,-314746.7832,314.4,32.38,0
EORU0     ,FUTSTKLT        29OCT2009                    ,2009-08-31,P,200,1571,0,0,-314546.5626,314.2,32.36,0
EORU0     ,FUTSTKASHOKLEY  29OCT2009                    ,2009-08-31,P,9550,40.2,0,0,-384333.4527,383.91,39.54,0
EORU0     ,FUTSTKASHOKLEY  29OCT2009                    ,2009-09-01,P,9550,39.75,0,0,-380030.6859,379.13,39.05,0
EORU0     ,FUTSTKASHOKLEY  29OCT2009                    ,2009-09-01,P,9550,39.65,0,0,-379074.6325,378.18,38.95,0
EORU0     ,FUTSTKGSPL      29OCT2009                    ,2009-09-01,P,6100,80,0,0,-488538.264,488,50.26,0
FERL5     ,OPTIDXNIFTY     24SEP2009PE   4600.00        ,2009-09-02,P,50,134.75,0,0,-6923.283805,168.43,17.35,0
FERL5     ,OPTIDXNIFTY     24SEP2009CE   4700.00        ,2009-09-02,P,50,126.7,0,0,-6509.687625,158.37,16.31,0
XBYT5     ,OPTIDXNIFTY     24SEP2009PE   4800.00        ,2009-09-08,P,100,110.4,0,0,-11344.428,276,28.43,0
FERL5     ,FUTSTKBHEL      24SEP2009                    ,2009-09-08,P,150,2249.95,0,0,-337864.746,337.49,34.76,0
FERL5     ,FUTSTKBHEL      24SEP2009                    ,2009-09-09,S,0,0,150,2251.6,337367.4728,337.74,34.79,57.42
XBYT5     ,OPTIDXNIFTY     24SEP2009PE   4800.00        ,2009-09-09,P,50,101.65,0,0,-5222.64718,127.06,13.09,0
T31V5     ,OPTIDXNIFTY     24SEP2009PE   4800.00        ,2009-09-10,P,50,81.55,0,0,-4189.934305,101.94,10.5,0
XBYT5     ,OPTIDXNIFTY     24SEP2009PE   4800.00        ,2009-09-10,P,50,77.5,0,0,-3985.3,100,10.3,0
XBYT5     ,OPTIDXNIFTY     24SEP2009PE   4800.00        ,2009-09-10,P,50,84.9,0,0,-4362.055875,106.13,10.93,0
V4O74     ,OPTIDXNIFTY     24SEP2009PE   4800.00        ,2009-09-10,P,50,81,0,0,-4161.67875,101.25,10.43,0
FNPT4     ,OPTIDXNIFTY     24SEP2009PE   4800.00        ,2009-09-10,P,50,80.95,0,0,-4159.107055,101.18,10.42,0
Q6L18     ,FUTSTKDRREDDY   24SEP2009                    ,2009-09-10,S,0,0,400,835.55,334220,0,0,56.82
Q6L18     ,FUTSTKDRREDDY   24SEP2009                    ,2009-09-10,P,400,827,0,0,-331164.8724,330.8,34.07,0
FERL5     ,OPTIDXNIFTY     24SEP2009CE   4700.00        ,2009-09-10,S,0,0,50,216,10502.19,270,27.81,1.84
FNPT4     ,OPTIDXNIFTY     24SEP2009PE   4800.00        ,2009-09-11,S,0,0,50,85.55,4159.550695,106.93,11.01,0.73
V4O74     ,OPTIDXNIFTY     24SEP2009PE   4800.00        ,2009-09-11,S,0,0,50,88.7,4312.704875,110.88,11.42,0.75
T31V5     ,OPTIDXNIFTY     24SEP2009PE   4800.00        ,2009-09-11,S,0,0,50,85.25,4144.96432,106.56,10.98,0.72
XBYT5     ,OPTIDXNIFTY     24SEP2009PE   4800.00        ,2009-09-11,P,50,82.5,0,0,-4238.746875,103.12,10.62,0
P8V74     ,OPTIDXNIFTY     24SEP2009PE   4800.00        ,2009-09-11,P,50,79,0,0,-4060.3,100,10.3,0
XBYT5     ,OPTIDXNIFTY     24SEP2009PE   4800.00        ,2009-09-11,S,0,0,50,95,4619.01875,118.75,12.23,0.81
XBYT5     ,OPTIDXNIFTY     24SEP2009PE   4800.00        ,2009-09-11,S,0,0,50,95,4619.01875,118.75,12.23,0.81
XBYT5     ,OPTIDXNIFTY     24SEP2009PE   4800.00        ,2009-09-14,S,0,0,100,98.5,9578.38625,246.25,25.36,1.67
FERL5     ,FUTIDXNIFTY     24SEP2009                    ,2009-09-16,S,0,0,50,4945,246977.2832,247.25,25.47,42.03
P8V74     ,OPTIDXNIFTY     24SEP2009PE   4800.00        ,2009-09-16,S,0,0,50,30,1389.7,100,10.3,0.26
XBYT5     ,OPTIDXNIFTY     24SEP2009PE   4800.00        ,2009-09-16,P,100,32.25,0,0,-3445.6,200,20.6,0
XBYT5     ,OPTIDXNIFTY     24SEP2009PE   4800.00        ,2009-09-16,P,50,32.25,0,0,-1722.8,100,10.3,0
Q6L18     ,FUTSTKHINDALCO  24SEP2009                    ,2009-09-16,S,0,0,3518,129,453321.4343,453.82,46.74,77.15
Q6L18     ,FUTSTKHINDALCO  24SEP2009                    ,2009-09-17,P,3518,133,0,0,-468410.0871,467.89,48.19,0
P8V74     ,OPTIDXNIFTY     24SEP2009PE   4900.00        ,2009-09-17,P,50,32.5,0,0,-1735.3,100,10.3,0
T31V5     ,OPTIDXNIFTY     24SEP2009PE   4900.00        ,2009-09-17,P,100,32.6,0,0,-3480.6,200,20.6,0
T31V5     ,OPTIDXNIFTY     24SEP2009PE   4900.00        ,2009-09-18,S,0,0,100,24.175,2196.9,200,20.6,0.41
P8V74     ,OPTIDXNIFTY     24SEP2009PE   4900.00        ,2009-09-18,S,0,0,50,24.25,1102.2,100,10.3,0.21
FERL5     ,FUTSTKSBIN      29OCT2009                    ,2009-09-23,S,0,0,132,2166.3,285636.1954,285.95,29.45,48.61
FERL5     ,FUTSTKMARUTI    29OCT2009                    ,2009-09-23,S,0,0,200,1650.85,329805.8335,330.16,34.01,56.13
EORU0     ,FUTSTKASHOKLEY  29OCT2009                    ,2009-09-23,S,0,0,28650,42.95,1229161.819,1229.09,126.6,209.19
Z7M37     ,FUTIDXNIFTY     24SEP2009                    ,2009-09-24,P,50,4941,0,0,-247322.4962,247.05,25.45,0
Z7M37     ,FUTIDXNIFTY     26NOV2009                    ,2009-09-24,S,0,0,50,4960,247726.456,248,25.54,42.16
EORU0     ,FUTSTKASHOKLEY  29OCT2009                    ,2009-09-24,P,9550,42.5,0,0,-406322.6801,405.88,41.81,0
FERL5     ,FUTIDXNIFTY     24SEP2009                    ,2009-09-24,P,50,4916.8,0,0,-246111.1615,245.84,25.32,0
FERL5     ,FUTSTKMARUTI    29OCT2009                    ,2009-09-24,P,200,1623.6,0,0,-325078.1662,324.72,33.45,0
FERL5     ,FUTSTKSBIN      29OCT2009                    ,2009-09-24,P,132,2122.65,0,0,-280498.8421,280.18,28.86,0
FERL5     ,FUTSTKICICIBANK 29OCT2009                    ,2009-09-29,S,0,0,350,864.75,302328.6826,302.64,31.17,51.45
Y2165     ,OPTIDXNIFTY     30APR2009PE   3000.00        ,2009-04-02,P,50,45,0,0,-2360.3,100,10.3,0
Y2165     ,OPTIDXNIFTY     30APR2009PE   3000.00        ,2009-04-02,P,400,45,0,0,-18882.4,800,82.4,0
L4729     ,OPTIDXNIFTY     30APR2009PE   3000.00        ,2009-04-06,P,50,43,0,0,-2260.3,100,10.3,0
Y2165     ,FUTIDXMINIFTY   30APR2009                    ,2009-04-29,S,0,0,20,3473.95,69402.36577,69.48,7.16,11.81
Y2165     ,FUTSTKHINDPETRO 28MAY2009                    ,2009-05-07,P,1300,253.4,0,0,-329783.3503,329.42,33.93,0
Y2165     ,FUTSTKHINDPETRO 28MAY2009                    ,2009-05-07,S,0,0,1300,255.15,331695,0,0,56.39
Y2165     ,FUTSTKICICIBANK 28MAY2009                    ,2009-05-19,S,0,0,700,770.6,538825.0197,539.42,55.56,91.7
L4729     ,OPTIDXNIFTY     28MAY2009PE   4000.00        ,2009-05-19,P,50,46.4,0,0,-2430.3,100,10.3,0
Y2165     ,OPTIDXNIFTY     28MAY2009PE   4000.00        ,2009-05-19,P,450,45.6,0,0,-21512.7,900,92.7,0
Y2165     ,FUTSTKBHEL      28MAY2009                    ,2009-05-20,P,300,2069.7,0,0,-621594.8637,620.91,63.95,0
Y2165     ,FUTIDXNIFTY     28MAY2009                    ,2009-05-20,P,50,4275,0,0,-213985.7663,213.75,22.02,0
Y2165     ,FUTSTKLT        28MAY2009                    ,2009-05-20,P,400,1377.8,0,0,-551727.8854,551.12,56.77,0
Y2165     ,FUTSTKICICIBANK 28MAY2009                    ,2009-05-20,P,700,714.95,0,0,-501016.9743,500.43,51.54,0
Y2165     ,FUTSTKABAN      28MAY2009                    ,2009-05-20,P,400,860,0,0,-344379.432,344,35.43,0
Y2165     ,FUTSTKABAN      28MAY2009                    ,2009-05-20,P,400,846,0,0,-338773.2552,338.4,34.86,0
Y2165     ,FUTSTKABAN      28MAY2009                    ,2009-05-20,P,400,832.75,0,0,-333467.3872,333.08,34.31,0
Y2165     ,FUTIDXNIFTY     28MAY2009                    ,2009-05-20,S,0,0,50,4350,217500,0,0,36.98
Y2165     ,FUTSTKBHEL      28MAY2009                    ,2009-05-20,S,0,0,300,2044,613200,0,0,104.24
Y2165     ,FUTSTKLT        28MAY2009                    ,2009-05-20,S,0,0,400,1430.1,572040,0,0,97.25
Y2165     ,FUTSTKABAN      28MAY2009                    ,2009-05-20,S,0,0,400,884,353600,0,0,60.11
Y2165     ,FUTSTKABAN      28MAY2009                    ,2009-05-20,S,0,0,400,861.65,344660,0,0,58.59
Y2165     ,FUTSTKABAN      28MAY2009                    ,2009-05-20,S,0,0,400,842,336800,0,0,57.26
Y2165     ,FUTSTKICICIBANK 28MAY2009                    ,2009-05-22,P,1400,708,0,0,-991200,0,0,0
Y2165     ,FUTSTKBHEL      28MAY2009                    ,2009-05-22,P,300,1987.05,0,0,-596772.4983,596.1,61.4,0
Y2165     ,FUTSTKBHEL      28MAY2009                    ,2009-05-22,P,300,1985,0,0,-596156.8365,595.5,61.34,0
Y2165     ,FUTSTKICICIBANK 28MAY2009                    ,2009-05-22,S,0,0,700,707.5,494703.7392,495.25,51.01,84.19
Y2165     ,FUTSTKBHEL      28MAY2009                    ,2009-05-22,S,0,0,300,1991.7,597510,0,0,101.58
Y2165     ,FUTSTKICICIBANK 28MAY2009                    ,2009-05-22,S,0,0,700,706.25,493829.743,494.34,50.92,84.04
Y2165     ,FUTSTKICICIBANK 28MAY2009                    ,2009-05-22,S,0,0,700,678.55,474461.1302,474.95,48.92,80.75
Y2165     ,FUTSTKBHARTIARTL28MAY2009                    ,2009-05-25,P,500,812,0,0,-406447.818,406,41.82,0
Y2165     ,FUTSTKBHARTIARTL28MAY2009                    ,2009-05-25,P,500,798.55,0,0,-399715.3727,399.25,41.12,0
L4729     ,OPTIDXNIFTY     28MAY2009PE   4000.00        ,2009-05-25,S,0,0,50,8,289.7,100,10.3,0.07
Y2165     ,OPTIDXNIFTY     28MAY2009PE   4000.00        ,2009-05-25,S,0,0,450,8.3,2742.3,900,92.7,0.63
Y2165     ,FUTSTKBHARTIARTL28MAY2009                    ,2009-05-25,S,0,0,500,823,411500,0,0,69.96
Y2165     ,FUTSTKBHARTIARTL28MAY2009                    ,2009-05-25,S,0,0,500,808,404000,0,0,68.68
Y2165     ,FUTIDXNIFTY     25JUN2009                    ,2009-05-26,S,0,0,50,4232,211600,0,0,35.97
Y2165     ,FUTIDXNIFTY     25JUN2009                    ,2009-05-26,P,50,4151,0,0,-207778.9277,207.55,21.38,0
Y2165     ,FUTSTKICICIBANK 25JUN2009                    ,2009-05-26,P,700,656,0,0,-459706.4976,459.2,47.3,0
Y2165     ,FUTSTKICICIBANK 28MAY2009                    ,2009-05-26,P,700,697,0,0,-488438.1537,487.9,50.25,0
Y2165     ,FUTSTKBHEL      25JUN2009                    ,2009-05-26,S,0,0,300,1989,596041.8399,596.7,61.46,101.44
Y2165     ,FUTSTKLT        25JUN2009                    ,2009-05-26,P,400,1255.75,0,0,-502854.0148,502.28,51.73,0
Y2165     ,FUTSTKICICIBANK 25JUN2009                    ,2009-05-26,S,0,0,700,666,466200,0,0,79.25
Y2165     ,FUTSTKBHEL      28MAY2009                    ,2009-05-26,S,0,0,300,2031.6,608807.7436,609.48,62.78,103.61
Y2165     ,FUTSTKBHEL      25JUN2009                    ,2009-05-27,P,300,2033,0,0,-610572.7197,609.9,62.82,0
Y2165     ,OPTIDXNIFTY     28MAY2009PE   4200.00        ,2009-05-27,P,600,40,0,0,-25323.6,1200,123.6,0
L4729     ,OPTIDXNIFTY     28MAY2009PE   4200.00        ,2009-05-27,P,50,40,0,0,-2110.3,100,10.3,0
L4729     ,OPTIDXNIFTY     28MAY2009PE   4200.00        ,2009-05-27,S,0,0,50,17.15,857.5,0,0,0.15
Y2165     ,FUTSTKLT        25JUN2009                    ,2009-05-27,S,0,0,400,1304.45,521204.4987,521.76,53.74,88.7
Y2165     ,OPTIDXNIFTY     28MAY2009PE   4200.00        ,2009-05-27,S,0,0,600,17.6,9236.4,1200,123.6,1.8
Y2165     ,FUTSTKBHEL      25JUN2009                    ,2009-05-28,S,0,0,300,2085.05,625515,0,0,106.34
Y2165     ,FUTSTKSBIN      25JUN2009                    ,2009-05-28,S,0,0,264,1814,478896,0,0,81.41
Y2165     ,FUTSTKLT        25JUN2009                    ,2009-05-28,P,400,1344,0,0,-538192.9728,537.6,55.37,0
Y2165     ,FUTSTKLT        25JUN2009                    ,2009-05-28,S,0,0,400,1360,544000,0,0,92.48
Y2165     ,FUTSTKBHEL      25JUN2009                    ,2009-05-28,P,300,2065.5,0,0,-620333.474,619.65,63.82,0
Y2165     ,FUTSTKSBIN      25JUN2009                    ,2009-05-28,P,264,1796.75,0,0,-474865.1847,474.33,48.86,0
Y2165     ,FUTSTKICICIBANK 25JUN2009                    ,2009-05-29,P,700,734.9,0,0,-514997.4163,514.43,52.99,0
Y2165     ,FUTSTKSBIN      25JUN2009                    ,2009-05-29,P,264,1850.8,0,0,-489150.1382,488.61,50.33,0
Y2165     ,FUTSTKLT        25JUN2009                    ,2009-05-29,P,400,1397,0,0,-559416.3564,558.8,57.56,0
Y2165     ,FUTSTKBHEL      25JUN2009                    ,2009-05-29,P,300,2185,0,0,-656223.0165,655.5,67.52,0
Y2165     ,FUTSTKICICIBANK 25JUN2009                    ,2009-05-29,P,700,730.05,0,0,-511598.633,511,52.63,0
Y2165     ,FUTSTKRELINFRA  25JUN2009                    ,2009-05-29,P,552,1285,0,0,-710102.38,709.32,73.06,0
Y2165     ,FUTSTKRELCAPITAL25JUN2009                    ,2009-05-29,P,552,954,0,0,-527188.8486,526.61,54.24,0
Y2165     ,FUTSTKRELINFRA  25JUN2009                    ,2009-05-29,P,552,1289,0,0,-712312.8154,711.53,73.29,0
Y2165     ,FUTSTKICICIBANK 25JUN2009                    ,2009-05-29,S,0,0,700,737,515900,0,0,87.7
Y2165     ,FUTSTKSBIN      25JUN2009                    ,2009-05-29,S,0,0,264,1858,490512,0,0,83.39
Y2165     ,FUTSTKBHEL      25JUN2009                    ,2009-05-29,S,0,0,300,2190,657000,0,0,111.69
Y2165     ,FUTSTKICICIBANK 25JUN2009                    ,2009-05-29,S,0,0,700,729,510300,0,0,86.75
Y2165     ,FUTSTKRELINFRA  25JUN2009                    ,2009-05-29,S,0,0,552,1311,723672,0,0,123.02
Y2165     ,FUTSTKRELCAPITAL25JUN2009                    ,2009-05-29,S,0,0,552,964,532128,0,0,90.46
Y2165     ,FUTSTKLT        25JUN2009                    ,2009-05-29,S,0,0,400,1399,559600,0,0,95.13
Y2165     ,FUTSTKRELINFRA  25JUN2009                    ,2009-05-29,S,0,0,552,1282.1,707719.2,0,0,120.31
Y2165     ,FUTSTKSBIN      25JUN2009                    ,2009-06-01,S,0,0,264,1812,477840.3601,478.37,49.27,81.32
Y2165     ,FUTSTKICICIBANK 25JUN2009                    ,2009-06-01,S,0,0,700,710.3,496661.5774,497.21,51.21,84.53
Y2165     ,FUTSTKICICIBANK 25JUN2009                    ,2009-06-01,S,0,0,700,717.05,501381.4043,501.9,51.7,85.33
Y2165     ,FUTSTKICICIBANK 25JUN2009                    ,2009-06-01,S,0,0,700,717,501346.4043,501.9,51.7,85.32
Y2165     ,FUTSTKBHEL      25JUN2009                    ,2009-06-01,S,0,0,300,2122,636600,0,0,108.22
Y2165     ,FUTSTKICICIBANK 25JUN2009                    ,2009-06-01,S,0,0,700,710.7,496941.2685,497.49,51.24,84.57
Y2165     ,FUTSTKICICIBANK 25JUN2009                    ,2009-06-01,S,0,0,700,710.55,496836.423,497.35,51.23,84.56
Y2165     ,FUTSTKICICIBANK 25JUN2009                    ,2009-06-01,S,0,0,700,708.4,495333.0444,495.88,51.08,84.3
Y2165     ,FUTSTKSBIN      25JUN2009                    ,2009-06-01,S,0,0,264,1818.2,479475.3547,480,49.44,81.6
Y2165     ,FUTSTKICICIBANK 25JUN2009                    ,2009-06-01,P,700,715.45,0,0,-500815,0,0,0
Y2165     ,FUTSTKICICIBANK 25JUN2009                    ,2009-06-01,P,700,715.45,0,0,-500815,0,0,0
Y2165     ,FUTSTKBHEL      25JUN2009                    ,2009-06-01,P,300,2131.5,0,0,-640155.3134,639.45,65.86,0
Y2165     ,FUTSTKICICIBANK 25JUN2009                    ,2009-06-01,P,700,719.8,0,0,-503860,0,0,0
Y2165     ,FUTSTKICICIBANK 25JUN2009                    ,2009-06-01,P,700,719.85,0,0,-503895,0,0,0
Y2165     ,FUTSTKICICIBANK 25JUN2009                    ,2009-06-01,P,700,710,0,0,-497000,0,0,0
Y2165     ,FUTSTKHDFCBANK  25JUN2009                    ,2009-06-02,P,400,1402.1,0,0,-561458.6065,560.84,57.77,0
Y2165     ,FUTSTKSBIN      25JUN2009                    ,2009-06-02,P,264,1790,0,0,-473081.2337,472.56,48.67,0
Y2165     ,FUTSTKHDFCBANK  25JUN2009                    ,2009-06-03,S,0,0,400,1423.1,568612.1283,569.24,58.63,96.77
Y2165     ,FUTSTKHDFCBANK  25JUN2009                    ,2009-06-03,S,0,0,400,1402.7,560461.1288,561.08,57.79,95.38
Y2165     ,FUTSTKSBIN      25JUN2009                    ,2009-06-03,P,264,1840,0,0,-486295.7933,485.76,50.03,0
Y2165     ,FUTSTKICICIBANK 25JUN2009                    ,2009-06-03,P,700,730,0,0,-511563.633,511,52.63,0
Y2165     ,FUTSTKICICIBANK 25JUN2009                    ,2009-06-03,P,700,711,0,0,-498248.9631,497.7,51.26,0
Y2165     ,FUTSTKICICIBANK 25JUN2009                    ,2009-06-03,S,0,0,700,732.1,512470,0,0,87.12
Y2165     ,FUTSTKHDFCBANK  25JUN2009                    ,2009-06-03,P,400,1364,0,0,-545600,0,0,0
Y2165     ,FUTSTKHDFCBANK  25JUN2009                    ,2009-06-04,S,0,0,400,1366.5,546600,0,0,92.92
Y2165     ,FUTSTKHDFCBANK  25JUN2009                    ,2009-06-04,P,400,1382,0,0,-553409.7384,552.8,56.94,0
Y2165     ,FUTSTKICICIBANK 25JUN2009                    ,2009-06-04,P,700,691,0,0,-484233.5211,483.7,49.82,0
Y2165     ,FUTSTKICICIBANK 25JUN2009                    ,2009-06-04,S,0,0,700,697.15,488005,0,0,82.96
Y2165     ,FUTSTKBHEL      25JUN2009                    ,2009-06-04,S,0,0,300,2120,635298.492,636,65.51,108.12
Y2165     ,FUTSTKLT        25JUN2009                    ,2009-06-05,S,0,0,400,1484.8,593264.9062,593.92,61.17,100.97
Y2165     ,FUTSTKBHEL      25JUN2009                    ,2009-06-08,P,300,2243.05,0,0,-673657.2087,672.9,69.31,0
Y2165     ,FUTSTKLT        25JUN2009                    ,2009-06-08,P,400,1486,0,0,-595055.6232,594.4,61.22,0
Y2165     ,FUTSTKHDFCBANK  25JUN2009                    ,2009-06-09,P,400,1414,0,0,-566223.8568,565.6,58.26,0
Y2165     ,FUTSTKBHEL      25JUN2009                    ,2009-06-09,P,300,2270.95,0,0,-682036.4408,681.27,70.17,0
Y2165     ,FUTSTKLT        25JUN2009                    ,2009-06-09,S,0,0,400,1565,625309.522,626,64.48,106.42
Y2165     ,FUTSTKHDFCBANK  25JUN2009                    ,2009-06-09,S,0,0,400,1417,566800,0,0,96.36
L4729     ,FUTCURUSDINR    29JUL2009                    ,2009-06-09,S,0,0,2000,47.7,95377.94,20,2.06,16.22
Y2165     ,FUTSTKHDFCBANK  25JUN2009                    ,2009-06-11,P,400,1553,0,0,-621885.1836,621.2,63.98,0
Y2165     ,FUTSTKHDFCBANK  25JUN2009                    ,2009-06-11,S,0,0,400,1532,612800,0,0,104.18
Y2165     ,FUTSTKICICIBANK 25JUN2009                    ,2009-06-12,P,700,745.45,0,0,-522390.5233,521.78,53.74,0
Y2165     ,FUTSTKICICIBANK 25JUN2009                    ,2009-06-12,S,0,0,700,774.05,541835,0,0,92.11
Y2165     ,FUTSTKLT        25JUN2009                    ,2009-06-16,S,0,0,400,1522,608800,0,0,103.5
Y2165     ,FUTSTKBHEL      25JUN2009                    ,2009-06-16,P,300,2201,0,0,-660300,0,0,0
Y2165     ,FUTSTKBHEL      25JUN2009                    ,2009-06-16,S,0,0,300,2240,671258.784,672,69.22,114.24
Y2165     ,FUTSTKBHEL      25JUN2009                    ,2009-06-16,S,0,0,300,2240,671258.784,672,69.22,114.24
Y2165     ,FUTSTKLT        25JUN2009                    ,2009-06-16,P,400,1528.75,0,0,-612174.4624,611.48,62.98,0
Y2165     ,FUTSTKLT        25JUN2009                    ,2009-06-16,P,400,1518,0,0,-607869.7416,607.2,62.54,0
Y2165     ,FUTSTKLT        25JUN2009                    ,2009-06-17,P,400,1495.7,0,0,-598939.9028,598.28,61.62,0
Y2165     ,FUTSTKLT        25JUN2009                    ,2009-06-17,P,400,1491,0,0,-597057.8292,596.4,61.43,0
Y2165     ,FUTSTKLT        25JUN2009                    ,2009-06-17,P,400,1468,0,0,-587847.6816,587.2,60.48,0
Y2165     ,FUTIDXMINIFTY   25JUN2009                    ,2009-06-17,P,20,4335,0,0,-86795.6301,86.7,8.93,0
Y2165     ,FUTIDXMINIFTY   25JUN2009                    ,2009-06-17,P,20,4335.75,0,0,-86810.64554,86.71,8.93,0
Y2165     ,FUTIDXMINIFTY   25JUN2009                    ,2009-06-17,P,20,4335.9,0,0,-86813.64995,86.72,8.93,0
Y2165     ,FUTSTKBHEL      25JUN2009                    ,2009-06-17,S,0,0,300,2118,635400,0,0,108.02
Y2165     ,FUTSTKICICIBANK 25JUN2009                    ,2009-06-17,S,0,0,700,727.5,509250,0,0,86.57
Y2165     ,FUTSTKLT        25JUN2009                    ,2009-06-17,S,0,0,400,1517,606800,0,0,103.16
Y2165     ,FUTSTKLT        25JUN2009                    ,2009-06-17,S,0,0,400,1503.3,601320,0,0,102.22
Y2165     ,FUTSTKLT        25JUN2009                    ,2009-06-17,S,0,0,400,1460,584000,0,0,99.28
Y2165     ,FUTSTKBHEL      25JUN2009                    ,2009-06-17,P,300,2123.7,0,0,-637812.7323,637.11,65.62,0
Y2165     ,FUTSTKICICIBANK 25JUN2009                    ,2009-06-17,P,700,721,0,0,-505256.6841,504.7,51.98,0
Y2165     ,FUTSTKRCOM      30JUL2009                    ,2009-06-22,P,1400,315.5,0,0,-442187.1951,441.7,45.5,0
Y2165     ,FUTIDXMINIFTY   30JUL2009                    ,2009-06-25,P,20,4254,0,0,-85173.84324,85.08,8.76,0
Y2165     ,FUTIDXMINIFTY   30JUL2009                    ,2009-06-25,P,40,4254,0,0,-170347.6865,170.16,17.53,0
Y2165     ,FUTIDXMINIFTY   25JUN2009                    ,2009-06-25,S,0,0,20,4233.6,84578.60678,84.67,8.72,14.39
Y2165     ,FUTIDXMINIFTY   25JUN2009                    ,2009-06-25,S,0,0,40,4233.1,169137.2356,169.32,17.44,28.79
Y2165     ,FUTSTKRELCAPITAL30JUL2009                    ,2009-07-01,P,276,928,0,0,-256410.5092,256.13,26.38,0
Y2165     ,FUTSTKLT        30JUL2009                    ,2009-07-01,S,0,0,200,1556.5,311300,0,0,52.92
Y2165     ,FUTSTKICICIBANK 30JUL2009                    ,2009-07-01,S,0,0,350,709.7,248395,0,0,42.23
Y2165     ,FUTSTKBHEL      30JUL2009                    ,2009-07-01,S,0,0,150,2215,332250,0,0,56.48
Y2165     ,FUTSTKBHEL      30JUL2009                    ,2009-07-01,S,0,0,150,2216,332400,0,0,56.51
Y2165     ,FUTSTKBHARTIARTL30JUL2009                    ,2009-07-01,S,0,0,250,823.5,205875,0,0,35
Y2165     ,FUTSTKBHEL      30JUL2009                    ,2009-07-01,S,0,0,150,2215.4,332310,0,0,56.49
Y2165     ,FUTSTKBHEL      30JUL2009                    ,2009-07-01,P,150,2197.8,0,0,-330033.626,329.67,33.96,0
Y2165     ,FUTSTKBHEL      30JUL2009                    ,2009-07-01,P,150,2237,0,0,-335920.1117,335.55,34.56,0
Y2165     ,FUTSTKBHEL      30JUL2009                    ,2009-07-01,P,150,2237,0,0,-335920.1117,335.55,34.56,0
Y2165     ,FUTSTKBHARTIARTL30JUL2009                    ,2009-07-01,P,250,826.45,0,0,-206840.3798,206.6,21.28,0
Y2165     ,FUTSTKICICIBANK 30JUL2009                    ,2009-07-01,P,350,729.65,0,0,-255659.1621,255.36,26.3,0
Y2165     ,FUTSTKLT        30JUL2009                    ,2009-07-01,P,200,1574,0,0,-315147.2244,314.8,32.42,0
Y2165     ,FUTSTKRELCAPITAL30JUL2009                    ,2009-07-01,S,0,0,276,886.1,244563.6,0,0,41.58
Y2165     ,FUTIDXMINIFTY   30JUL2009                    ,2009-07-01,S,0,0,60,4340,260112.7788,260.4,26.82,44.27
Y2165     ,FUTSTKRCOM      30JUL2009                    ,2009-07-16,S,0,0,700,269,188092.3051,188.3,19.39,32.01
Y2165     ,FUTSTKRCOM      30JUL2009                    ,2009-07-16,S,0,0,700,269,188092.3051,188.3,19.39,32.01
Y2165     ,FUTSTKBHEL      30JUL2009                    ,2009-07-16,S,0,0,150,2194.75,329212.5,0,0,55.97
Y2165     ,FUTSTKBHEL      30JUL2009                    ,2009-07-16,P,150,2165,0,0,-325108.1993,324.75,33.45,0
Y2165     ,FUTSTKRCOM      27AUG2009                    ,2009-07-16,P,1400,266,0,0,-372810.7572,372.4,38.36,0
L4729     ,FUTCURUSDINR    29JUL2009                    ,2009-07-29,P,2000,48.47,0,0,-96962.06,20,2.06,0
Y2165     ,FUTSTKRCOM      24SEP2009                    ,2009-08-27,P,700,266.7,0,0,-186895.9191,186.69,19.23,0
Y2165     ,FUTSTKRCOM      24SEP2009                    ,2009-08-27,P,700,266.9,0,0,-187036.0735,186.83,19.24,0
Y2165     ,FUTSTKRCOM      27AUG2009                    ,2009-08-27,S,0,0,700,265.7,185784.853,185.99,19.16,31.62
Y2165     ,FUTSTKRCOM      27AUG2009                    ,2009-08-27,S,0,0,700,265.7,185784.853,185.99,19.16,31.62
Y2165     ,FUTSTKRCOM      24SEP2009                    ,2009-09-17,S,0,0,700,315,220256.7885,220.5,22.71,37.49
Y2165     ,FUTSTKRCOM      24SEP2009                    ,2009-09-17,S,0,0,700,315,220256.7885,220.5,22.71,37.49
