VCCS0     ,FUTIDXNIFTY     27APR2006                    ,2006-04-03,S,0,0,100,3444,344020.48,344.39,35.13,45.81
F5265     ,FUTIDXNIFTY     27APR2006                    ,2006-04-03,S,0,0,100,3444,344020.48,344.39,35.13,45.81
VCCR3     ,FUTIDXNIFTY     27APR2006                    ,2006-04-03,S,0,0,100,3444,344020.48,344.39,35.13,45.81
AHBI4     ,FUTIDXNIFTY     27APR2006                    ,2006-04-03,S,0,0,100,3444,344020.48,344.39,35.13,45.81
VCCS0     ,FUTIDXNIFTY     27APR2006                    ,2006-04-05,P,100,3495.9,0,0,-349975.24,349.58,35.66,0
VCCS0     ,FUTIDXNIFTY     27APR2006                    ,2006-04-05,S,0,0,100,3504,350400,0,0,46.6
VCCS0     ,FUTIDXNIFTY     27APR2006                    ,2006-04-07,P,100,3530,0,0,-353389,352.99,36.01,0
VCCS0     ,FUTIDXNIFTY     27APR2006                    ,2006-04-07,P,100,3475,0,0,-347882.94,347.5,35.44,0
VCCR3     ,FUTIDXNIFTY     27APR2006                    ,2006-04-07,P,100,3530,0,0,-353389,352.99,36.01,0
VCCR3     ,FUTIDXNIFTY     27APR2006                    ,2006-04-07,P,100,3475,0,0,-347882.94,347.5,35.44,0
F5265     ,FUTIDXNIFTY     27APR2006                    ,2006-04-07,P,100,3530,0,0,-353389,352.99,36.01,0
F5265     ,FUTIDXNIFTY     27APR2006                    ,2006-04-07,P,100,3475,0,0,-347882.94,347.5,35.44,0
AHBI4     ,FUTIDXNIFTY     27APR2006                    ,2006-04-07,P,100,3530,0,0,-353389,352.99,36.01,0
AHBI4     ,FUTIDXNIFTY     27APR2006                    ,2006-04-07,P,100,3475,0,0,-347882.94,347.5,35.44,0
AHBI4     ,FUTIDXNIFTY     27APR2006                    ,2006-04-10,S,0,0,100,3492,348815.19,349.19,35.62,46.44
F5265     ,FUTIDXNIFTY     27APR2006                    ,2006-04-10,S,0,0,100,3492,348815.19,349.19,35.62,46.44
VCCR3     ,FUTIDXNIFTY     27APR2006                    ,2006-04-10,S,0,0,100,3492,348815.19,349.19,35.62,46.44
VCCS0     ,FUTIDXNIFTY     27APR2006                    ,2006-04-10,S,0,0,100,3492,348815.19,349.19,35.62,46.44
VCCS0     ,FUTIDXCNXIT     27APR2006                    ,2006-04-12,P,100,4220,0,0,-422465.04,422,43.04,0
F5265     ,FUTIDXCNXIT     27APR2006                    ,2006-04-12,P,100,4220,0,0,-422465.04,422,43.04,0
AHBI4     ,FUTIDXCNXIT     27APR2006                    ,2006-04-12,P,100,4220,0,0,-422465.04,422,43.04,0
ARGD6     ,FUTIDXCNXIT     27APR2006                    ,2006-04-12,P,100,4220,0,0,-422232.52,211,21.52,0
RITK7     ,FUTIDXCNXIT     27APR2006                    ,2006-04-12,P,100,4220,0,0,-422465.04,422,43.04,0
RITK7     ,FUTIDXCNXIT     27APR2006                    ,2006-04-17,S,0,0,100,4331,432622.73,433.09,44.18,57.6
AHBI4     ,FUTIDXCNXIT     27APR2006                    ,2006-04-17,S,0,0,100,4331,432622.73,433.09,44.18,57.6
F5265     ,FUTIDXCNXIT     27APR2006                    ,2006-04-17,S,0,0,100,4331,432622.73,433.09,44.18,57.6
VCCS0     ,FUTIDXCNXIT     27APR2006                    ,2006-04-17,S,0,0,100,4331,432622.73,433.09,44.18,57.6
ARGD6     ,FUTIDXCNXIT     27APR2006                    ,2006-04-18,S,0,0,100,4500,449752.05,220.91,27.04,59.85
ARGD6     ,FUTIDXNIFTY     29JUN2006                    ,2006-05-26,S,0,0,100,3221,321919.24,161.05,19.71,42.84
ARGD6     ,FUTIDXNIFTY     29JUN2006                    ,2006-05-26,P,100,3184,0,0,-318578.68,159.19,19.49,0
RITK7     ,FUTIDXNIFTY     29JUN2006                    ,2006-05-26,S,0,0,100,3220.8,322080,0,0,42.84
RITK7     ,FUTIDXNIFTY     29JUN2006                    ,2006-05-26,P,100,3187.9,0,0,-319147.8,318.78,39.02,0
PMGV8     ,FUTIDXNIFTY     29JUN2006                    ,2006-05-26,S,0,0,100,3221.2,321939.23,161.06,19.71,42.84
PMGV8     ,FUTIDXNIFTY     29JUN2006                    ,2006-05-26,P,100,3185,0,0,-318678.74,159.25,19.49,0
VCCS0     ,FUTIDXNIFTY     29JUN2006                    ,2006-05-26,S,0,0,100,3220.8,322080,0,0,42.84
VCCS0     ,FUTIDXNIFTY     29JUN2006                    ,2006-05-26,S,0,0,100,3220.8,322080,0,0,42.84
VCCS0     ,FUTIDXNIFTY     29JUN2006                    ,2006-05-26,P,200,3184,0,0,-637514.74,636.8,77.94,0
VCCR3     ,FUTIDXNIFTY     29JUN2006                    ,2006-05-26,P,100,3188,0,0,-319157.82,318.8,39.02,0
VCCR3     ,FUTIDXNIFTY     29JUN2006                    ,2006-05-26,S,0,0,100,3221.2,322120,0,0,42.84
AHBI4     ,FUTIDXNIFTY     29JUN2006                    ,2006-05-26,P,100,3188,0,0,-319157.82,318.8,39.02,0
AHBI4     ,FUTIDXNIFTY     29JUN2006                    ,2006-05-26,S,0,0,100,3220.8,322080,0,0,42.84
MMIO4     ,FUTIDXNIFTY     29JUN2006                    ,2006-05-26,S,0,0,100,3221.2,321939.23,161.06,19.71,42.84
MMIO4     ,FUTIDXNIFTY     29JUN2006                    ,2006-05-26,P,100,3183,0,0,-318478.62,159.14,19.48,0
VCCS0     ,FUTSTKSBIN      29JUN2006                    ,2006-06-19,S,0,0,500,754,376576.9,376.96,46.14,64.09
PMGV8     ,FUTSTKSBIN      29JUN2006                    ,2006-06-19,S,0,0,500,750,374789.55,187.5,22.95,63.75
RITK7     ,FUTSTKSBIN      29JUN2006                    ,2006-06-19,S,0,0,500,750,374579.1,375,45.9,63.75
ARGD6     ,FUTSTKSBIN      29JUN2006                    ,2006-06-19,S,0,0,500,750,374789.55,187.5,22.95,63.75
ATKQ6     ,FUTSTKSBIN      29JUN2006                    ,2006-06-28,P,500,715,0,0,-357682.3,162.42,19.88,0
ATKQ6     ,FUTSTKSBIN      29JUN2006                    ,2006-06-28,S,0,0,500,721.05,360525,0,0,61.29
ARGD6     ,FUTSTKSBIN      29JUN2006                    ,2006-06-28,P,500,715,0,0,-357700.6,178.72,21.88,0
RITK7     ,FUTSTKSBIN      29JUN2006                    ,2006-06-28,P,500,715,0,0,-357901.25,357.49,43.76,0
PMGV8     ,FUTSTKSBIN      29JUN2006                    ,2006-06-28,P,500,715,0,0,-357901.25,357.49,43.76,0
VCCS0     ,FUTSTKSBIN      29JUN2006                    ,2006-06-28,P,500,715,0,0,-357901.25,357.49,43.76,0
VCCS0     ,FUTSTKSBIN      27JUL2006                    ,2006-07-07,P,500,726,0,0,-363407.4,362.97,44.43,0
VCCS0     ,FUTSTKSBIN      27JUL2006                    ,2006-07-07,S,0,0,500,750,375000,0,0,63.75
PMGV8     ,FUTSTKSBIN      27JUL2006                    ,2006-07-07,S,0,0,500,750,374789.55,187.5,22.95,63.75
PMGV8     ,FUTSTKSBIN      27JUL2006                    ,2006-07-07,P,500,725,0,0,-362703.4,181.22,22.18,0
RITK7     ,FUTSTKSBIN      27JUL2006                    ,2006-07-07,S,0,0,500,750,375000,0,0,63.75
RITK7     ,FUTSTKSBIN      27JUL2006                    ,2006-07-07,P,500,725,0,0,-362906.85,362.48,44.37,0
ARGD6     ,FUTSTKSBIN      27JUL2006                    ,2006-07-07,P,500,724.9,0,0,-362856.8,362.44,44.36,0
ARGD6     ,FUTSTKSBIN      27JUL2006                    ,2006-07-07,S,0,0,500,750,375000,0,0,63.75
ARGD6     ,FUTIDXNIFTY     27JUL2006                    ,2006-07-13,S,0,0,100,3161,315745.21,316.1,38.69,53.74
PMGV8     ,FUTIDXNIFTY     27JUL2006                    ,2006-07-13,S,0,0,100,3161,315922.61,158.05,19.34,53.74
VCCS0     ,FUTIDXNIFTY     27JUL2006                    ,2006-07-13,S,0,0,100,3163,315944.99,316.3,38.71,53.77
VCCR3     ,FUTIDXNIFTY     27JUL2006                    ,2006-07-13,S,0,0,100,3161.25,315770.19,316.12,38.69,53.74
F5265     ,FUTIDXNIFTY     27JUL2006                    ,2006-07-13,S,0,0,100,3161.5,315795.16,316.14,38.7,53.75
AHBI4     ,FUTIDXNIFTY     27JUL2006                    ,2006-07-13,S,0,0,100,3162.5,315895.05,316.24,38.71,53.76
AHBI4     ,FUTIDXNIFTY     27JUL2006                    ,2006-07-17,P,100,2984.9,0,0,-298825.02,298.49,36.53,0
F5265     ,FUTIDXNIFTY     27JUL2006                    ,2006-07-17,P,100,2983.7,0,0,-298704.89,298.37,36.52,0
VCCR3     ,FUTIDXNIFTY     27JUL2006                    ,2006-07-17,P,100,2983.1,0,0,-298644.82,298.31,36.51,0
VCCS0     ,FUTIDXNIFTY     27JUL2006                    ,2006-07-17,P,100,2982.9,0,0,-298624.8,298.29,36.51,0
PMGV8     ,FUTIDXNIFTY     27JUL2006                    ,2006-07-17,P,100,2982,0,0,-298534.69,298.19,36.5,0
ARGD6     ,FUTIDXNIFTY     27JUL2006                    ,2006-07-17,P,100,2982.3,0,0,-298564.73,298.23,36.5,0
ARGD6     ,FUTSTKSBIN      27JUL2006                    ,2006-07-20,P,500,705,0,0,-352895.6,352.46,43.14,0
ARGD6     ,FUTSTKSBIN      27JUL2006                    ,2006-07-20,S,0,0,500,732.6,366300,0,0,62.27
PMGV8     ,FUTSTKSBIN      27JUL2006                    ,2006-07-20,P,500,705,0,0,-352697.8,176.23,21.57,0
PMGV8     ,FUTSTKSBIN      27JUL2006                    ,2006-07-20,S,0,0,500,732.5,366044.5,183.09,22.41,62.26
RITK7     ,FUTSTKSBIN      27JUL2006                    ,2006-07-20,P,500,705,0,0,-352895.6,352.46,43.14,0
RITK7     ,FUTSTKSBIN      27JUL2006                    ,2006-07-20,S,0,0,500,732.35,366175,0,0,62.25
VCCS0     ,FUTSTKSBIN      27JUL2006                    ,2006-07-20,S,0,0,500,733.05,366525,0,0,62.31
VCCS0     ,FUTSTKSBIN      27JUL2006                    ,2006-07-20,P,500,705,0,0,-352895.6,352.46,43.14,0
AHBI4     ,FUTSTKSBIN      27JUL2006                    ,2006-07-20,P,500,705,0,0,-352895.6,352.46,43.14,0
AHBI4     ,FUTSTKSBIN      27JUL2006                    ,2006-07-20,S,0,0,500,732.65,366325,0,0,62.28
AHBI4     ,FUTIDXNIFTY     27JUL2006                    ,2006-07-24,S,0,0,100,2981,298100,0,0,50.68
AHBI4     ,FUTIDXNIFTY     27JUL2006                    ,2006-07-24,P,100,2882,0,0,-288523.47,288.19,35.28,0
PEVE5     ,FUTIDXNIFTY     27JUL2006                    ,2006-07-24,P,100,2882,0,0,-288523.47,288.19,35.28,0
PEVE5     ,FUTIDXNIFTY     27JUL2006                    ,2006-07-24,S,0,0,100,2980,298000,0,0,50.66
MMIO4     ,FUTIDXNIFTY     27JUL2006                    ,2006-07-24,S,0,0,100,2969,296733.38,148.45,18.17,50.47
MMIO4     ,FUTIDXNIFTY     27JUL2006                    ,2006-07-24,P,100,2880,0,0,-288161.62,144,17.62,0
VCCS0     ,FUTIDXNIFTY     27JUL2006                    ,2006-07-24,S,0,0,100,2980.25,298025,0,0,50.66
VCCS0     ,FUTIDXNIFTY     27JUL2006                    ,2006-07-24,P,100,2882,0,0,-288523.47,288.19,35.28,0
RITK7     ,FUTIDXNIFTY     27JUL2006                    ,2006-07-24,P,100,2882,0,0,-288523.47,288.19,35.28,0
RITK7     ,FUTIDXNIFTY     27JUL2006                    ,2006-07-24,S,0,0,100,2980.1,298010,0,0,50.66
PMGV8     ,FUTIDXNIFTY     27JUL2006                    ,2006-07-24,P,100,2882,0,0,-288361.73,144.09,17.64,0
PMGV8     ,FUTIDXNIFTY     27JUL2006                    ,2006-07-24,S,0,0,100,2980,297832.77,148.99,18.24,50.66
HLL66     ,FUTIDXNIFTY     27JUL2006                    ,2006-07-24,S,0,0,100,2980,297832.77,148.99,18.24,50.66
HLL66     ,FUTIDXNIFTY     27JUL2006                    ,2006-07-24,P,100,2882,0,0,-288361.73,144.09,17.64,0
MOLS1     ,FUTIDXNIFTY     27JUL2006                    ,2006-07-24,S,0,0,100,2980,297832.77,148.99,18.24,50.66
MOLS1     ,FUTIDXNIFTY     27JUL2006                    ,2006-07-24,P,100,2882,0,0,-288361.73,144.09,17.64,0
ARGD6     ,FUTIDXNIFTY     27JUL2006                    ,2006-07-24,P,100,2882,0,0,-288523.47,288.19,35.28,0
ARGD6     ,FUTIDXNIFTY     27JUL2006                    ,2006-07-24,S,0,0,100,2980,298000,0,0,50.66
ATKQ6     ,FUTIDXNIFTY     27JUL2006                    ,2006-07-24,S,0,0,100,2980,298000,0,0,50.66
ATKQ6     ,FUTIDXNIFTY     27JUL2006                    ,2006-07-24,P,100,2882,0,0,-288346.98,130.95,16.03,0
ATKQ6     ,OPTIDXNIFTY     31AUG2006CE   3300.00        ,2006-08-02,P,100,50,0,0,-5170.85,152.22,18.63,0
RITL1     ,OPTIDXNIFTY     31AUG2006CE   3300.00        ,2006-08-02,P,200,50,0,0,-10752,669.99,82.01,0
MOLS1     ,OPTIDXNIFTY     31AUG2006CE   3300.00        ,2006-08-02,P,100,50,0,0,-5188,167.5,20.5,0
AQSV7     ,OPTIDXNIFTY     31AUG2006CE   3300.00        ,2006-08-02,P,200,50,0,0,-10752,669.99,82.01,0
HLL66     ,OPTIDXNIFTY     31AUG2006CE   3300.00        ,2006-08-02,P,100,50,0,0,-5188,167.5,20.5,0
PMGV8     ,OPTIDXNIFTY     31AUG2006CE   3300.00        ,2006-08-02,P,100,49.95,0,0,-5182.99,167.49,20.5,0
RLAG9     ,OPTIDXNIFTY     31AUG2006CE   3300.00        ,2006-08-02,P,100,49.5,0,0,-5325.94,334.94,41,0
VCCS0     ,OPTIDXNIFTY     31AUG2006CE   3300.00        ,2006-08-02,P,200,49.5,0,0,-10651.88,669.89,81.99,0
VCCS0     ,OPTIDXNIFTY     31AUG2006CE   3300.00        ,2006-08-02,P,100,49.5,0,0,-5325.94,334.94,41,0
QEPH2     ,OPTIDXNIFTY     31AUG2006CE   3300.00        ,2006-08-02,P,100,50,0,0,-5188,167.5,20.5,0
MMIO4     ,OPTIDXNIFTY     31AUG2006CE   3300.00        ,2006-08-02,P,100,50,0,0,-5188,167.5,20.5,0
PEVE5     ,OPTIDXNIFTY     31AUG2006CE   3300.00        ,2006-08-02,P,100,50,0,0,-5376,335,41,0
AHBI4     ,OPTIDXNIFTY     31AUG2006CE   3300.00        ,2006-08-02,P,100,50.1,0,0,-5386.01,335.01,41,0
AHBI4     ,OPTIDXNIFTY     31AUG2006CE   3300.00        ,2006-08-02,P,100,50.1,0,0,-5386.01,335.01,41,0
AHBI4     ,OPTIDXNIFTY     31AUG2006CE   3300.00        ,2006-08-03,S,0,0,200,62.5,11745.2,672.49,82.31,2.13
PEVE5     ,OPTIDXNIFTY     31AUG2006CE   3300.00        ,2006-08-03,S,0,0,100,62.5,5872.6,336.24,41.16,1.06
MMIO4     ,OPTIDXNIFTY     31AUG2006CE   3300.00        ,2006-08-03,S,0,0,100,62.5,6061.3,168.12,20.58,1.06
QEPH2     ,OPTIDXNIFTY     31AUG2006CE   3300.00        ,2006-08-03,S,0,0,100,62.5,5872.6,336.24,41.16,1.06
VCCS0     ,OPTIDXNIFTY     31AUG2006CE   3300.00        ,2006-08-03,S,0,0,300,62.5,17617.8,1008.73,123.47,3.19
RLAG9     ,OPTIDXNIFTY     31AUG2006CE   3300.00        ,2006-08-03,S,0,0,100,62.5,5872.6,336.24,41.16,1.06
PMGV8     ,OPTIDXNIFTY     31AUG2006CE   3300.00        ,2006-08-03,S,0,0,100,62.5,5872.6,336.24,41.16,1.06
HLL66     ,OPTIDXNIFTY     31AUG2006CE   3300.00        ,2006-08-03,S,0,0,100,62.5,5872.6,336.24,41.16,1.06
MOLS1     ,OPTIDXNIFTY     31AUG2006CE   3300.00        ,2006-08-03,S,0,0,100,62.5,5872.6,336.24,41.16,1.06
AQSV7     ,OPTIDXNIFTY     31AUG2006CE   3300.00        ,2006-08-03,S,0,0,200,62.5,11745.2,672.49,82.31,2.13
RITL1     ,OPTIDXNIFTY     31AUG2006CE   3300.00        ,2006-08-03,S,0,0,200,62.5,11745.2,672.49,82.31,2.13
ATKQ6     ,OPTIDXNIFTY     31AUG2006CE   3300.00        ,2006-08-03,S,0,0,100,62.5,6078.52,152.78,18.7,1.06
ATKQ6     ,FUTSTKSBIN      31AUG2006                    ,2006-08-04,S,0,0,500,820.05,410025,0,0,69.7
ATKQ6     ,FUTSTKSBIN      31AUG2006                    ,2006-08-04,P,500,804,0,0,-402205,182.64,22.36,0
ARGD6     ,FUTSTKSBIN      31AUG2006                    ,2006-08-04,P,500,804,0,0,-402451.2,402,49.2,0
ARGD6     ,FUTSTKSBIN      31AUG2006                    ,2006-08-04,S,0,0,500,820.5,410250,0,0,69.74
AQSV7     ,FUTSTKSBIN      31AUG2006                    ,2006-08-04,S,0,0,500,820.1,410050,0,0,69.71
AQSV7     ,FUTSTKSBIN      31AUG2006                    ,2006-08-04,P,500,804,0,0,-402451.2,402,49.2,0
MOLS1     ,FUTSTKSBIN      31AUG2006                    ,2006-08-04,S,0,0,500,817,408270.75,204.25,25,69.45
MOLS1     ,FUTSTKSBIN      31AUG2006                    ,2006-08-04,P,500,804,0,0,-402225.6,201,24.6,0
HLL66     ,FUTSTKSBIN      31AUG2006                    ,2006-08-04,P,500,804,0,0,-402225.6,201,24.6,0
HLL66     ,FUTSTKSBIN      31AUG2006                    ,2006-08-04,S,0,0,500,817,408270.75,204.25,25,69.45
PMGV8     ,FUTSTKSBIN      31AUG2006                    ,2006-08-04,P,500,804,0,0,-402225.6,201,24.6,0
PMGV8     ,FUTSTKSBIN      31AUG2006                    ,2006-08-04,S,0,0,500,820.35,409944.85,205.05,25.1,69.73
RITK7     ,FUTSTKSBIN      31AUG2006                    ,2006-08-04,S,0,0,500,820.5,410250,0,0,69.74
RITK7     ,FUTSTKSBIN      31AUG2006                    ,2006-08-04,S,0,0,500,820.5,410250,0,0,69.74
RITK7     ,FUTSTKSBIN      31AUG2006                    ,2006-08-04,P,500,804,0,0,-402451.2,402,49.2,0
RITK7     ,FUTSTKSBIN      31AUG2006                    ,2006-08-04,P,500,804,0,0,-402451.2,402,49.2,0
VCCS0     ,FUTSTKSBIN      31AUG2006                    ,2006-08-04,P,2000,804,0,0,-1609804.8,1607.98,196.82,0
VCCS0     ,FUTSTKSBIN      31AUG2006                    ,2006-08-04,S,0,0,500,820,410000,0,0,69.7
VCCS0     ,FUTSTKSBIN      31AUG2006                    ,2006-08-04,S,0,0,500,820,410000,0,0,69.7
VCCS0     ,FUTSTKSBIN      31AUG2006                    ,2006-08-04,S,0,0,1000,820,820000,0,0,139.4
QEPH2     ,FUTSTKSBIN      31AUG2006                    ,2006-08-04,S,0,0,500,820.3,409919.85,205.05,25.1,69.73
QEPH2     ,FUTSTKSBIN      31AUG2006                    ,2006-08-04,P,500,804,0,0,-402225.6,201,24.6,0
MMIO4     ,FUTSTKSBIN      31AUG2006                    ,2006-08-04,P,500,802.2,0,0,-401325.05,200.51,24.54,0
MMIO4     ,FUTSTKSBIN      31AUG2006                    ,2006-08-04,S,0,0,500,817,408270.75,204.25,25,69.45
PEVE5     ,FUTSTKSBIN      31AUG2006                    ,2006-08-04,S,0,0,500,820.1,410050,0,0,69.71
PEVE5     ,FUTSTKSBIN      31AUG2006                    ,2006-08-04,P,500,804,0,0,-402451.2,402,49.2,0
AHBI4     ,FUTSTKSBIN      31AUG2006                    ,2006-08-04,S,0,0,500,820,410000,0,0,69.7
AHBI4     ,FUTSTKSBIN      31AUG2006                    ,2006-08-04,S,0,0,500,820,410000,0,0,69.7
AHBI4     ,FUTSTKSBIN      31AUG2006                    ,2006-08-04,S,0,0,500,820,410000,0,0,69.7
AHBI4     ,FUTSTKSBIN      31AUG2006                    ,2006-08-04,P,1500,804,0,0,-1207353.6,1205.99,147.61,0
A53Z6     ,FUTIDXNIFTY     31AUG2006                    ,2006-08-09,S,0,0,100,3218.9,321709.36,160.94,19.7,54.72
A53Z6     ,FUTIDXNIFTY     31AUG2006                    ,2006-08-09,P,100,3248,0,0,-324982.27,162.39,19.88,0
PEVE5     ,FUTIDXNIFTY     31AUG2006                    ,2006-08-09,P,100,3248,0,0,-325164.55,324.8,39.75,0
PEVE5     ,FUTIDXNIFTY     31AUG2006                    ,2006-08-09,S,0,0,100,3217.8,321780,0,0,54.7
MMIO4     ,FUTIDXNIFTY     31AUG2006                    ,2006-08-09,S,0,0,100,3218,321619.41,160.9,19.69,54.71
MMIO4     ,FUTIDXNIFTY     31AUG2006                    ,2006-08-09,P,100,3248,0,0,-324982.27,162.39,19.88,0
QEPH2     ,FUTIDXNIFTY     31AUG2006                    ,2006-08-09,P,100,3248,0,0,-324982.27,162.39,19.88,0
QEPH2     ,FUTIDXNIFTY     31AUG2006                    ,2006-08-09,S,0,0,100,3217.2,321539.46,160.85,19.69,54.69
HLL66     ,FUTIDXNIFTY     31AUG2006                    ,2006-08-09,P,100,3248,0,0,-324982.27,162.39,19.88,0
HLL66     ,FUTIDXNIFTY     31AUG2006                    ,2006-08-09,S,0,0,100,3218,321619.41,160.9,19.69,54.71
MOLS1     ,FUTIDXNIFTY     31AUG2006                    ,2006-08-09,P,100,3248,0,0,-324982.27,162.39,19.88,0
MOLS1     ,FUTIDXNIFTY     31AUG2006                    ,2006-08-09,S,0,0,100,3218,321619.41,160.9,19.69,54.71
ARGD6     ,FUTIDXNIFTY     31AUG2006                    ,2006-08-09,S,0,0,100,3217.45,321745,0,0,54.7
ARGD6     ,FUTIDXNIFTY     31AUG2006                    ,2006-08-09,P,100,3248,0,0,-325164.55,324.8,39.75,0
ATKQ6     ,FUTIDXNIFTY     31AUG2006                    ,2006-08-09,S,0,0,100,3217.55,321755,0,0,54.7
ATKQ6     ,FUTIDXNIFTY     31AUG2006                    ,2006-08-09,P,100,3248,0,0,-324965.64,147.58,18.06,0
ATKQ6     ,FUTIDXNIFTY     31AUG2006                    ,2006-08-11,S,0,0,100,3242,324034.66,147.31,18.03,55.11
ARGD6     ,FUTSTKPNB       31AUG2006                    ,2006-08-11,S,0,0,600,417.8,250680,0,0,42.62
ARGD6     ,FUTIDXNIFTY     31AUG2006                    ,2006-08-11,S,0,0,100,3241,323736.24,324.09,39.67,55.1
ARGD6     ,FUTSTKPNB       31AUG2006                    ,2006-08-11,P,600,412,0,0,-247477.44,247.18,30.26,0
MOLS1     ,FUTIDXNIFTY     31AUG2006                    ,2006-08-11,S,0,0,100,3242.55,324073.03,162.13,19.84,55.12
PMGV8     ,FUTIDXNIFTY     31AUG2006                    ,2006-08-11,S,0,0,200,3240,647636.36,323.98,39.66,110.16
HLL66     ,FUTIDXNIFTY     31AUG2006                    ,2006-08-11,S,0,0,100,3242.55,324073.03,162.13,19.84,55.12
RITK7     ,FUTIDXNIFTY     31AUG2006                    ,2006-08-11,S,0,0,400,3241,1294944.96,1296.36,158.68,220.39
AQSV7     ,FUTIDXNIFTY     31AUG2006                    ,2006-08-11,S,0,0,100,3239.4,323576.41,323.94,39.65,55.07
AQSV7     ,FUTIDXNIFTY     31AUG2006                    ,2006-08-11,S,0,0,100,3239.4,323576.41,323.94,39.65,55.07
RLAG9     ,OPTIDXNIFTY     31AUG2006PE   3100.00        ,2006-08-11,P,100,39.9,0,0,-4342.42,313.99,38.43,0
QEPH2     ,FUTIDXNIFTY     31AUG2006                    ,2006-08-11,S,0,0,100,3241.1,323928.11,162.05,19.84,55.1
VCCS0     ,FUTIDXNIFTY     31AUG2006                    ,2006-08-11,S,0,0,100,3240,323636.35,323.99,39.66,55.08
VCCS0     ,FUTIDXNIFTY     31AUG2006                    ,2006-08-11,S,0,0,100,3239.4,323576.41,323.94,39.65,55.07
VCCS0     ,FUTIDXNIFTY     31AUG2006                    ,2006-08-11,S,0,0,100,3239.4,323576.41,323.94,39.65,55.07
VCCS0     ,FUTIDXNIFTY     31AUG2006                    ,2006-08-11,S,0,0,200,3239.4,647152.82,647.88,79.3,110.14
MMIO4     ,FUTIDXNIFTY     31AUG2006                    ,2006-08-11,S,0,0,100,3240.35,323853.16,162.01,19.83,55.09
PEVE5     ,FUTIDXNIFTY     31AUG2006                    ,2006-08-11,S,0,0,100,3241.55,323791.17,324.15,39.68,55.11
A53Z6     ,FUTIDXNIFTY     31AUG2006                    ,2006-08-11,S,0,0,100,3240,323818.18,161.99,19.83,55.08
AHBI4     ,FUTIDXNIFTY     31AUG2006                    ,2006-08-11,S,0,0,500,3240.5,1618431.45,1620.23,198.32,275.44
AHBI4     ,FUTIDXNIFTY     31AUG2006                    ,2006-08-14,P,100,3299,0,0,-330270.27,329.89,40.38,0
AHBI4     ,FUTIDXNIFTY     31AUG2006                    ,2006-08-14,P,100,3299,0,0,-330270.27,329.89,40.38,0
AHBI4     ,FUTIDXNIFTY     31AUG2006                    ,2006-08-14,P,100,3299,0,0,-330270.27,329.89,40.38,0
AHBI4     ,FUTIDXNIFTY     31AUG2006                    ,2006-08-14,P,100,3299,0,0,-330270.27,329.89,40.38,0
AHBI4     ,FUTIDXNIFTY     31AUG2006                    ,2006-08-14,P,100,3299,0,0,-330270.27,329.89,40.38,0
A53Z6     ,FUTIDXNIFTY     31AUG2006                    ,2006-08-14,P,100,3299,0,0,-330270.27,329.89,40.38,0
PEVE5     ,FUTIDXNIFTY     31AUG2006                    ,2006-08-14,P,100,3299,0,0,-330270.27,329.89,40.38,0
MMIO4     ,FUTIDXNIFTY     31AUG2006                    ,2006-08-14,P,100,3299,0,0,-330085.13,164.94,20.19,0
VCCS0     ,FUTIDXNIFTY     31AUG2006                    ,2006-08-14,P,100,3299,0,0,-330270.27,329.89,40.38,0
VCCS0     ,FUTIDXNIFTY     31AUG2006                    ,2006-08-14,P,100,3299,0,0,-330270.27,329.89,40.38,0
VCCS0     ,FUTIDXNIFTY     31AUG2006                    ,2006-08-14,P,300,3299,0,0,-990810.81,989.67,121.14,0
QEPH2     ,FUTIDXNIFTY     31AUG2006                    ,2006-08-14,P,100,3299,0,0,-330270.27,329.89,40.38,0
AQSV7     ,FUTIDXNIFTY     31AUG2006                    ,2006-08-14,P,200,3299,0,0,-660540.54,659.78,80.76,0
PMGV8     ,FUTIDXNIFTY     31AUG2006                    ,2006-08-14,P,200,3299,0,0,-660540.54,659.78,80.76,0
RITK7     ,FUTIDXNIFTY     31AUG2006                    ,2006-08-14,P,400,3299,0,0,-1321081.08,1319.57,161.51,0
HLL66     ,FUTIDXNIFTY     31AUG2006                    ,2006-08-14,P,100,3299,0,0,-330270.27,329.89,40.38,0
MOLS1     ,FUTIDXNIFTY     31AUG2006                    ,2006-08-14,P,100,3299,0,0,-330270.27,329.89,40.38,0
ARGD6     ,FUTIDXNIFTY     31AUG2006                    ,2006-08-14,P,100,3299,0,0,-330270.27,329.89,40.38,0
ATKQ6     ,FUTIDXNIFTY     31AUG2006                    ,2006-08-14,P,100,3299,0,0,-330068.24,149.89,18.35,0
ARGD6     ,FUTIDXNIFTY     31AUG2006                    ,2006-08-17,P,100,3345,0,0,-334875.44,334.5,40.94,0
ARGD6     ,FUTIDXNIFTY     31AUG2006                    ,2006-08-17,S,0,0,100,3345,334500,0,0,56.87
ARGD6     ,FUTIDXNIFTY     31AUG2006                    ,2006-08-21,S,0,0,100,3335,333125.68,333.5,40.82,56.7
ATKQ6     ,FUTIDXNIFTY     31AUG2006                    ,2006-08-21,S,0,0,100,3335,333329.92,151.53,18.55,56.7
PMGV8     ,FUTIDXNIFTY     31AUG2006                    ,2006-08-21,S,0,0,100,3335,333312.84,166.75,20.41,56.7
VCCS0     ,FUTIDXNIFTY     31AUG2006                    ,2006-08-21,S,0,0,100,3335,333125.68,333.5,40.82,56.7
VCCR3     ,FUTIDXNIFTY     31AUG2006                    ,2006-08-21,S,0,0,100,3335,333125.68,333.5,40.82,56.7
AHBI4     ,FUTIDXNIFTY     31AUG2006                    ,2006-08-21,S,0,0,100,3335,333125.68,333.5,40.82,56.7
AHBI4     ,FUTIDXNIFTY     31AUG2006                    ,2006-08-22,P,100,3390,0,0,-339380.49,339,41.49,0
VCCR3     ,FUTIDXNIFTY     31AUG2006                    ,2006-08-22,P,100,3390,0,0,-339380.49,339,41.49,0
VCCS0     ,FUTIDXNIFTY     31AUG2006                    ,2006-08-22,P,100,3390,0,0,-339380.49,339,41.49,0
PMGV8     ,FUTIDXNIFTY     31AUG2006                    ,2006-08-22,P,100,3390,0,0,-339380.49,339,41.49,0
ATKQ6     ,FUTIDXNIFTY     31AUG2006                    ,2006-08-22,P,100,3390,0,0,-339172.89,154.04,18.85,0
ARGD6     ,FUTIDXNIFTY     31AUG2006                    ,2006-08-22,P,100,3390,0,0,-339380.49,339,41.49,0
A53Z6     ,FUTSTKINDHOTEL  28SEP2006                    ,2006-08-23,S,0,0,175,1282,224224.105,112.17,13.73,38.14
AHBI4     ,FUTSTKSATYAMCOMP31AUG2006                    ,2006-08-24,S,0,0,300,790,237000,0,0,40.29
AHBI4     ,FUTSTKSATYAMCOMP31AUG2006                    ,2006-08-24,P,300,805,0,0,-241771.05,241.49,29.56,0
VCCS0     ,FUTSTKSATYAMCOMP31AUG2006                    ,2006-08-24,S,0,0,300,790,237000,0,0,40.29
VCCS0     ,FUTSTKSATYAMCOMP31AUG2006                    ,2006-08-24,P,300,805,0,0,-241771.05,241.49,29.56,0
VCCR3     ,FUTSTKSATYAMCOMP31AUG2006                    ,2006-08-24,P,300,805,0,0,-241771.05,241.49,29.56,0
VCCR3     ,FUTSTKSATYAMCOMP31AUG2006                    ,2006-08-24,S,0,0,300,790,237000,0,0,40.29
ARGD6     ,FUTSTKSATYAMCOMP31AUG2006                    ,2006-08-24,P,300,805,0,0,-241771.05,241.49,29.56,0
ARGD6     ,FUTSTKSATYAMCOMP31AUG2006                    ,2006-08-24,S,0,0,300,790,237000,0,0,40.29
PMGV8     ,FUTSTKSATYAMCOMP31AUG2006                    ,2006-08-24,P,300,805,0,0,-241635.51,120.73,14.78,0
PMGV8     ,FUTSTKSATYAMCOMP31AUG2006                    ,2006-08-24,S,0,0,300,790,236867.01,118.49,14.5,40.29
PMGV8     ,FUTIDXNIFTY     28SEP2006                    ,2006-08-28,S,0,0,100,3372.1,337020.76,168.6,20.64,57.33
QPU40     ,FUTIDXNIFTY     28SEP2006                    ,2006-08-28,S,0,0,100,3372.35,336856.49,337.23,41.28,57.33
AQSV7     ,FUTIDXNIFTY     28SEP2006                    ,2006-08-28,S,0,0,100,3372,336821.53,337.2,41.27,57.32
MOLS1     ,FUTIDXNIFTY     28SEP2006                    ,2006-08-28,S,0,0,100,3372.1,337020.76,168.6,20.64,57.33
HLL66     ,FUTIDXNIFTY     28SEP2006                    ,2006-08-28,S,0,0,100,3372.3,337040.75,168.61,20.64,57.33
ARGD6     ,FUTIDXNIFTY     28SEP2006                    ,2006-08-28,S,0,0,100,3372.1,336831.52,337.21,41.27,57.33
ATKQ6     ,FUTIDXNIFTY     28SEP2006                    ,2006-08-28,S,0,0,100,3372.25,337053.02,153.23,18.75,57.33
NFQQ8     ,FUTIDXNIFTY     28SEP2006                    ,2006-08-28,S,0,0,100,3372.1,337020.76,168.6,20.64,57.33
QJU55     ,FUTIDXNIFTY     28SEP2006                    ,2006-08-28,S,0,0,100,3372.5,337060.74,168.62,20.64,57.33
QI910     ,FUTIDXNIFTY     28SEP2006                    ,2006-08-28,S,0,0,100,3372.2,337030.76,168.6,20.64,57.33
GPY63     ,FUTIDXNIFTY     28SEP2006                    ,2006-08-28,S,0,0,100,3372.5,337060.74,168.62,20.64,57.33
F5265     ,FUTIDXNIFTY     28SEP2006                    ,2006-08-28,S,0,0,100,3372,336821.53,337.2,41.27,57.32
VCCR3     ,FUTIDXNIFTY     28SEP2006                    ,2006-08-28,S,0,0,200,3372,673643.06,674.39,82.55,114.65
VCCS0     ,FUTIDXNIFTY     28SEP2006                    ,2006-08-28,S,0,0,300,3372,1010464.59,1011.59,123.82,171.97
QEPH2     ,FUTIDXNIFTY     28SEP2006                    ,2006-08-28,S,0,0,100,3372.25,337035.75,168.61,20.64,57.33
QNX73     ,FUTIDXNIFTY     28SEP2006                    ,2006-08-28,S,0,0,100,3381.3,337940.25,169.06,20.69,57.48
AHBI4     ,FUTIDXNIFTY     28SEP2006                    ,2006-08-28,S,0,0,200,3372,673643.06,674.39,82.55,114.65
AHBI4     ,FUTIDXNIFTY     28SEP2006                    ,2006-08-28,S,0,0,100,3372,336821.53,337.2,41.27,57.32
PEVE5     ,FUTIDXNIFTY     28SEP2006                    ,2006-08-28,S,0,0,100,3372,336821.53,337.2,41.27,57.32
BFSI8     ,FUTIDXNIFTY     28SEP2006                    ,2006-08-28,S,0,0,100,3372.95,336916.43,337.29,41.28,57.34
MMIO4     ,FUTIDXNIFTY     28SEP2006                    ,2006-08-28,S,0,0,100,3372,337010.77,168.59,20.64,57.32
Z2514     ,FUTIDXNIFTY     28SEP2006                    ,2006-08-28,S,0,0,100,3372,336821.53,337.2,41.27,57.32
Z2514     ,FUTIDXNIFTY     28SEP2006                    ,2006-08-31,P,200,3444.8,0,0,-689733.28,688.95,84.33,0
MMIO4     ,FUTIDXNIFTY     28SEP2006                    ,2006-08-31,P,200,3442.95,0,0,-688976.42,344.28,42.14,0
BFSI8     ,FUTIDXNIFTY     28SEP2006                    ,2006-08-31,P,200,3442.5,0,0,-689272.76,688.49,84.27,0
PEVE5     ,FUTIDXNIFTY     28SEP2006                    ,2006-08-31,P,200,3441.5,0,0,-689072.54,688.29,84.25,0
AHBI4     ,FUTIDXNIFTY     28SEP2006                    ,2006-08-31,P,600,3446,0,0,-2069920.62,2067.55,253.07,0
QNX73     ,FUTIDXNIFTY     28SEP2006                    ,2006-08-31,P,100,3442.5,0,0,-344636.38,344.24,42.14,0
QNX73     ,FUTIDXNIFTY     28SEP2006                    ,2006-08-31,P,100,3442.5,0,0,-344443.19,172.12,21.07,0
QEPH2     ,FUTIDXNIFTY     28SEP2006                    ,2006-08-31,P,100,3443.8,0,0,-344766.53,344.38,42.15,0
QEPH2     ,FUTIDXNIFTY     28SEP2006                    ,2006-08-31,P,100,3443.75,0,0,-344568.26,172.18,21.08,0
VCCS0     ,FUTIDXNIFTY     28SEP2006                    ,2006-08-31,P,600,3445.95,0,0,-2069890.62,2067.55,253.07,0
VCCR3     ,FUTIDXNIFTY     28SEP2006                    ,2006-08-31,P,100,3446,0,0,-344986.77,344.59,42.18,0
VCCR3     ,FUTIDXNIFTY     28SEP2006                    ,2006-08-31,P,300,3446,0,0,-1034960.31,1033.78,126.53,0
F5265     ,FUTIDXNIFTY     28SEP2006                    ,2006-08-31,P,200,3445.8,0,0,-689933.5,689.15,84.35,0
GPY63     ,FUTIDXNIFTY     28SEP2006                    ,2006-08-31,P,100,3443.75,0,0,-344761.52,344.37,42.15,0
GPY63     ,FUTIDXNIFTY     28SEP2006                    ,2006-08-31,P,100,3443.75,0,0,-344568.26,172.18,21.08,0
QI910     ,FUTIDXNIFTY     28SEP2006                    ,2006-08-31,P,100,3441.4,0,0,-344333.13,172.07,21.06,0
QI910     ,FUTIDXNIFTY     28SEP2006                    ,2006-08-31,P,100,3441.5,0,0,-344536.27,344.15,42.12,0
QJU55     ,FUTIDXNIFTY     28SEP2006                    ,2006-08-31,P,100,3443.5,0,0,-344543.24,172.17,21.07,0
QJU55     ,FUTIDXNIFTY     28SEP2006                    ,2006-08-31,P,100,3443.5,0,0,-344736.49,344.34,42.15,0
NFQQ8     ,FUTIDXNIFTY     28SEP2006                    ,2006-08-31,P,100,3444,0,0,-344593.27,172.19,21.08,0
NFQQ8     ,FUTIDXNIFTY     28SEP2006                    ,2006-08-31,P,100,3444,0,0,-344786.55,344.4,42.15,0
ATKQ6     ,FUTIDXNIFTY     28SEP2006                    ,2006-08-31,P,200,3442,0,0,-688751.08,312.79,38.29,0
ARGD6     ,FUTIDXNIFTY     28SEP2006                    ,2006-08-31,P,200,3444,0,0,-689573.1,688.79,84.31,0
HLL66     ,FUTIDXNIFTY     28SEP2006                    ,2006-08-31,P,100,3441.75,0,0,-344368.15,172.09,21.06,0
HLL66     ,FUTIDXNIFTY     28SEP2006                    ,2006-08-31,P,100,3441.75,0,0,-344561.3,344.17,42.13,0
MOLS1     ,FUTIDXNIFTY     28SEP2006                    ,2006-08-31,P,100,3441.95,0,0,-344581.32,344.19,42.13,0
MOLS1     ,FUTIDXNIFTY     28SEP2006                    ,2006-08-31,P,100,3441.65,0,0,-344358.14,172.08,21.06,0
QPU40     ,FUTIDXNIFTY     28SEP2006                    ,2006-08-31,P,200,3442,0,0,-689172.66,688.4,84.26,0
PMGV8     ,FUTIDXNIFTY     28SEP2006                    ,2006-08-31,P,100,3443.9,0,0,-344776.54,344.39,42.15,0
PMGV8     ,FUTIDXNIFTY     28SEP2006                    ,2006-08-31,P,100,3443.9,0,0,-344583.27,172.19,21.08,0
AQSV7     ,FUTIDXNIFTY     28SEP2006                    ,2006-08-31,P,200,3446.4,0,0,-690053.64,689.27,84.37,0
AQSV7     ,FUTIDXNIFTY     28SEP2006                    ,2006-09-01,P,100,3409,0,0,-341282.62,340.89,41.73,0
RITK7     ,FUTIDXNIFTY     28SEP2006                    ,2006-09-01,P,100,3408.3,0,0,-341212.54,340.82,41.72,0
RITL1     ,FUTIDXNIFTY     28SEP2006                    ,2006-09-01,P,100,3408.5,0,0,-341232.57,340.85,41.72,0
F5265     ,FUTIDXNIFTY     28SEP2006                    ,2006-09-01,P,100,3409,0,0,-341282.62,340.89,41.73,0
VCCS0     ,FUTIDXNIFTY     28SEP2006                    ,2006-09-01,P,200,3409,0,0,-682565.24,681.79,83.45,0
VCCS0     ,FUTIDXNIFTY     28SEP2006                    ,2006-09-05,S,0,0,500,3465,1730555.45,1732.49,212.06,294.53
QNX73     ,FUTIDXNIFTY     28SEP2006                    ,2006-09-05,S,0,0,100,3465,346111.09,346.5,42.41,58.91
QEPH2     ,FUTIDXNIFTY     28SEP2006                    ,2006-09-05,S,0,0,100,3465,346111.09,346.5,42.41,58.91
F5265     ,FUTIDXNIFTY     28SEP2006                    ,2006-09-05,S,0,0,200,3465,692222.18,693,84.82,117.81
VCCR3     ,FUTIDXNIFTY     28SEP2006                    ,2006-09-05,S,0,0,200,3465,692222.18,693,84.82,117.81
AHBI4     ,FUTIDXNIFTY     28SEP2006                    ,2006-09-05,S,0,0,300,3465,1038333.27,1039.5,127.23,176.72
PEVE5     ,FUTIDXNIFTY     28SEP2006                    ,2006-09-05,S,0,0,100,3465,346111.09,346.5,42.41,58.91
BFSI8     ,FUTIDXNIFTY     28SEP2006                    ,2006-09-05,S,0,0,100,3465,346111.09,346.5,42.41,58.91
MMIO4     ,FUTIDXNIFTY     28SEP2006                    ,2006-09-05,S,0,0,100,3465,346305.55,173.24,21.21,58.91
Z2514     ,FUTIDXNIFTY     28SEP2006                    ,2006-09-05,S,0,0,100,3465,346111.09,346.5,42.41,58.91
RITL1     ,FUTIDXNIFTY     28SEP2006                    ,2006-09-05,S,0,0,100,3465,346111.09,346.5,42.41,58.91
ATKQ6     ,FUTIDXNIFTY     28SEP2006                    ,2006-09-05,S,0,0,100,3465,346323.29,157.44,19.27,58.91
ARGD6     ,FUTIDXNIFTY     28SEP2006                    ,2006-09-05,S,0,0,100,3465,346111.09,346.5,42.41,58.91
NFQQ8     ,FUTIDXNIFTY     28SEP2006                    ,2006-09-05,S,0,0,100,3465,346111.09,346.5,42.41,58.91
RITK7     ,FUTIDXNIFTY     28SEP2006                    ,2006-09-05,S,0,0,100,3465,346111.09,346.5,42.41,58.91
HLL66     ,FUTIDXNIFTY     28SEP2006                    ,2006-09-05,S,0,0,100,3465,346111.09,346.5,42.41,58.91
PMGV8     ,FUTIDXNIFTY     28SEP2006                    ,2006-09-05,S,0,0,100,3465,346111.09,346.5,42.41,58.91
QPU40     ,FUTIDXNIFTY     28SEP2006                    ,2006-09-05,S,0,0,100,3465,346111.09,346.5,42.41,58.91
MOLS1     ,FUTIDXNIFTY     28SEP2006                    ,2006-09-05,S,0,0,100,3465,346111.09,346.5,42.41,58.91
AQSV7     ,FUTIDXNIFTY     28SEP2006                    ,2006-09-05,S,0,0,200,3465,692222.18,693,84.82,117.81
QJU55     ,FUTIDXNIFTY     28SEP2006                    ,2006-09-05,S,0,0,100,3465,346111.09,346.5,42.41,58.91
QI910     ,FUTIDXNIFTY     28SEP2006                    ,2006-09-05,S,0,0,100,3465,346111.09,346.5,42.41,58.91
GPY63     ,FUTIDXNIFTY     28SEP2006                    ,2006-09-05,S,0,0,100,3465,346111.09,346.5,42.41,58.91
GPY63     ,FUTIDXNIFTY     28SEP2006                    ,2006-09-08,P,100,3460,0,0,-346194.17,173,21.17,0
QI910     ,FUTIDXNIFTY     28SEP2006                    ,2006-09-08,P,100,3460,0,0,-346194.17,173,21.17,0
QJU55     ,FUTIDXNIFTY     28SEP2006                    ,2006-09-08,P,100,3460,0,0,-346194.17,173,21.17,0
MOLS1     ,FUTIDXNIFTY     28SEP2006                    ,2006-09-08,P,100,3460,0,0,-346194.17,173,21.17,0
QPU40     ,FUTIDXNIFTY     28SEP2006                    ,2006-09-08,P,100,3460,0,0,-346388.35,346,42.35,0
QPU40     ,FUTIDXNIFTY     28SEP2006                    ,2006-09-08,P,100,3460,0,0,-346388.35,346,42.35,0
PMGV8     ,FUTIDXNIFTY     28SEP2006                    ,2006-09-08,P,100,3460,0,0,-346194.17,173,21.17,0
PMGV8     ,FUTIDXNIFTY     28SEP2006                    ,2006-09-08,P,100,3460,0,0,-346194.17,173,21.17,0
HLL66     ,FUTIDXNIFTY     28SEP2006                    ,2006-09-08,P,100,3460,0,0,-346194.17,173,21.17,0
AQSV7     ,FUTIDXNIFTY     28SEP2006                    ,2006-09-08,P,100,3460,0,0,-346388.35,346,42.35,0
AQSV7     ,FUTIDXNIFTY     28SEP2006                    ,2006-09-08,P,100,3460,0,0,-346388.35,346,42.35,0
NFQQ8     ,FUTIDXNIFTY     28SEP2006                    ,2006-09-08,P,100,3460,0,0,-346194.17,173,21.17,0
ATKQ6     ,FUTIDXNIFTY     28SEP2006                    ,2006-09-08,P,100,3460,0,0,-346176.46,157.22,19.24,0
Z2514     ,FUTIDXNIFTY     28SEP2006                    ,2006-09-08,P,100,3460,0,0,-346388.35,346,42.35,0
ARCZ6     ,FUTIDXNIFTY     28SEP2006                    ,2006-09-08,P,100,3460,0,0,-346388.35,346,42.35,0
BFSI8     ,FUTIDXNIFTY     28SEP2006                    ,2006-09-08,P,100,3460,0,0,-346388.35,346,42.35,0
PEVE5     ,FUTIDXNIFTY     28SEP2006                    ,2006-09-08,P,100,3460,0,0,-346388.35,346,42.35,0
AHBI4     ,FUTIDXNIFTY     28SEP2006                    ,2006-09-08,P,100,3460,0,0,-346388.35,346,42.35,0
AHBI4     ,FUTIDXNIFTY     28SEP2006                    ,2006-09-08,P,100,3460,0,0,-346388.35,346,42.35,0
AHBI4     ,FUTIDXNIFTY     28SEP2006                    ,2006-09-08,P,100,3460,0,0,-346388.35,346,42.35,0
VCCR3     ,FUTIDXNIFTY     28SEP2006                    ,2006-09-08,P,100,3460,0,0,-346388.35,346,42.35,0
VCCR3     ,FUTIDXNIFTY     28SEP2006                    ,2006-09-08,P,100,3460,0,0,-346388.35,346,42.35,0
VCCR3     ,FUTIDXNIFTY     28SEP2006                    ,2006-09-08,P,100,3460,0,0,-346388.35,346,42.35,0
VCCR3     ,FUTIDXNIFTY     28SEP2006                    ,2006-09-08,P,100,3460,0,0,-346388.35,346,42.35,0
F5265     ,FUTIDXNIFTY     28SEP2006                    ,2006-09-08,P,200,3460,0,0,-692776.7,692,84.7,0
QEPH2     ,FUTIDXNIFTY     28SEP2006                    ,2006-09-08,P,100,3460,0,0,-346194.17,173,21.17,0
VCCS0     ,FUTIDXNIFTY     28SEP2006                    ,2006-09-08,P,100,3460,0,0,-346388.35,346,42.35,0
VCCS0     ,FUTIDXNIFTY     28SEP2006                    ,2006-09-08,P,200,3460,0,0,-692776.7,692,84.7,0
VCCS0     ,FUTIDXNIFTY     28SEP2006                    ,2006-09-08,P,100,3460,0,0,-346388.35,346,42.35,0
VCCS0     ,FUTIDXNIFTY     28SEP2006                    ,2006-09-08,P,100,3460,0,0,-346388.35,346,42.35,0
VCCS0     ,FUTIDXNIFTY     28SEP2006                    ,2006-09-11,S,0,0,500,3440.05,1718094.45,1720.02,210.53,292.4
QEPH2     ,FUTIDXNIFTY     28SEP2006                    ,2006-09-11,S,0,0,100,3440.05,343618.89,344,42.11,58.48
F5265     ,FUTIDXNIFTY     28SEP2006                    ,2006-09-11,S,0,0,200,3440.05,687237.78,688.01,84.21,116.96
VCCR3     ,FUTIDXNIFTY     28SEP2006                    ,2006-09-11,S,0,0,400,3440.05,1374475.56,1376.02,168.42,233.92
AHBI4     ,FUTIDXNIFTY     28SEP2006                    ,2006-09-11,S,0,0,300,3440.05,1030856.67,1032.01,126.32,175.44
PEVE5     ,FUTIDXNIFTY     28SEP2006                    ,2006-09-11,S,0,0,100,3440.05,343618.89,344,42.11,58.48
BFSI8     ,FUTIDXNIFTY     28SEP2006                    ,2006-09-11,S,0,0,100,3440.05,343618.89,344,42.11,58.48
ARCZ6     ,FUTIDXNIFTY     28SEP2006                    ,2006-09-11,S,0,0,100,3440.05,343618.89,344,42.11,58.48
Z2514     ,FUTIDXNIFTY     28SEP2006                    ,2006-09-11,S,0,0,100,3440.05,343618.89,344,42.11,58.48
ATKQ6     ,FUTIDXNIFTY     28SEP2006                    ,2006-09-11,S,0,0,100,3440.05,343829.56,156.31,19.13,58.48
NFQQ8     ,FUTIDXNIFTY     28SEP2006                    ,2006-09-11,S,0,0,100,3440.05,343618.89,344,42.11,58.48
HLL66     ,FUTIDXNIFTY     28SEP2006                    ,2006-09-11,S,0,0,100,3440.05,343618.89,344,42.11,58.48
QPU40     ,FUTIDXNIFTY     28SEP2006                    ,2006-09-11,S,0,0,200,3440.05,687237.78,688.01,84.21,116.96
PMGV8     ,FUTIDXNIFTY     28SEP2006                    ,2006-09-11,S,0,0,200,3440.05,687237.78,688.01,84.21,116.96
MOLS1     ,FUTIDXNIFTY     28SEP2006                    ,2006-09-11,S,0,0,100,3440.05,343618.89,344,42.11,58.48
AQSV7     ,FUTIDXNIFTY     28SEP2006                    ,2006-09-11,S,0,0,200,3440.05,687237.78,688.01,84.21,116.96
QJU55     ,FUTIDXNIFTY     28SEP2006                    ,2006-09-11,S,0,0,100,3440.05,343618.89,344,42.11,58.48
QI910     ,FUTIDXNIFTY     28SEP2006                    ,2006-09-11,S,0,0,100,3440.05,343618.89,344,42.11,58.48
GPY63     ,FUTIDXNIFTY     28SEP2006                    ,2006-09-11,S,0,0,100,3440.05,343618.89,344,42.11,58.48
A53Z6     ,FUTSTKINDHOTEL  28SEP2006                    ,2006-09-12,S,0,0,175,1300,227372.3375,113.74,13.92,38.68
A53Z6     ,FUTSTKINDHOTEL  28SEP2006                    ,2006-09-12,P,175,1295,0,0,-226752.1725,113.3,13.87,0
A53Z6     ,FUTSTKINDHOTEL  28SEP2006                    ,2006-09-13,S,0,0,175,1330,232619.3975,116.36,14.24,39.57
VCCS0     ,FUTIDXNIFTY     28SEP2006                    ,2006-09-15,S,0,0,100,3457,345311.99,345.7,42.31,58.77
HLL66     ,FUTIDXNIFTY     28SEP2006                    ,2006-09-15,S,0,0,100,3457,345506,172.84,21.16,58.77
ATKQ6     ,FUTIDXNIFTY     28SEP2006                    ,2006-09-15,S,0,0,100,3457.1,345533.69,157.08,19.23,58.77
ARGD6     ,FUTIDXNIFTY     28SEP2006                    ,2006-09-15,S,0,0,100,3457,345311.99,345.7,42.31,58.77
A53Z6     ,FUTSTKINDHOTEL  28SEP2006                    ,2006-09-20,P,175,1346.3,0,0,-235866.925,235.59,28.84,0
A53Z6     ,FUTIDXNIFTY     28SEP2006                    ,2006-09-21,S,0,0,100,3528,352602.01,176.4,21.59,59.98
VCCS0     ,FUTIDXNIFTY     28SEP2006                    ,2006-09-21,S,0,0,100,3530.25,352628.77,353.02,43.21,60.01
ARGD6     ,FUTIDXNIFTY     28SEP2006                    ,2006-09-21,S,0,0,100,3528.8,352483.93,352.88,43.19,59.99
ATKQ6     ,FUTIDXNIFTY     28SEP2006                    ,2006-09-21,S,0,0,100,3530,352819.97,160.4,19.63,60.01
HLL66     ,FUTIDXNIFTY     28SEP2006                    ,2006-09-21,S,0,0,100,3531.15,352916.84,176.55,21.61,60.03
HLL66     ,FUTIDXNIFTY     28SEP2006                    ,2006-09-22,P,100,3549.6,0,0,-355358.4,354.95,43.45,0
HLL66     ,FUTIDXNIFTY     28SEP2006                    ,2006-09-22,P,100,3549.6,0,0,-355358.4,354.95,43.45,0
ATKQ6     ,FUTIDXNIFTY     28SEP2006                    ,2006-09-22,P,100,3549.6,0,0,-355141.02,161.28,19.74,0
ATKQ6     ,FUTIDXNIFTY     28SEP2006                    ,2006-09-22,P,100,3549.65,0,0,-355146.03,161.29,19.74,0
ARGD6     ,FUTIDXNIFTY     28SEP2006                    ,2006-09-22,P,200,3549.7,0,0,-710736.82,709.93,86.89,0
VCCS0     ,FUTIDXNIFTY     28SEP2006                    ,2006-09-22,P,200,3549.7,0,0,-710736.82,709.93,86.89,0
A53Z6     ,FUTIDXNIFTY     28SEP2006                    ,2006-09-22,P,100,3549.6,0,0,-355358.4,354.95,43.45,0
A53Z6     ,FUTSTKINDHOTEL  28SEP2006                    ,2006-09-25,P,175,1409,0,0,-246851.745,246.57,30.18,0
AHBI4     ,FUTSTKHINDALC0  26OCT2006                    ,2006-10-04,S,0,0,1595,171.05,272518.6695,272.7,33.38,46.38
Z2514     ,FUTSTKHINDALC0  26OCT2006                    ,2006-10-04,S,0,0,1595,171.1,272598.26,272.84,33.4,46.39
VCCS0     ,FUTSTKHINDALC0  26OCT2006                    ,2006-10-04,S,0,0,1595,171.05,272518.6695,272.7,33.38,46.38
ARGD6     ,FUTSTKHINDALC0  26OCT2006                    ,2006-10-04,S,0,0,1595,171,272438.9195,272.7,33.38,46.37
ATKQ6     ,FUTSTKHINDALC0  26OCT2006                    ,2006-10-04,S,0,0,1595,171.15,272845.166,123.92,15.17,46.41
HLL66     ,FUTSTKHINDALC0  26OCT2006                    ,2006-10-04,S,0,0,1595,171,272592.0395,136.28,16.68,46.37
PMGV8     ,FUTSTKHINDALC0  26OCT2006                    ,2006-10-04,S,0,0,1595,171,272592.0395,136.28,16.68,46.37
PMGV8     ,FUTSTKHINDALC0  26OCT2006                    ,2006-10-06,P,1595,177,0,0,-282631.767,282.22,34.54,0
HLL66     ,FUTSTKHINDALC0  26OCT2006                    ,2006-10-06,P,1595,177,0,0,-282631.767,282.22,34.54,0
ATKQ6     ,FUTSTKHINDALC0  26OCT2006                    ,2006-10-06,P,1595,177,0,0,-282458.869,128.18,15.69,0
ARGD6     ,FUTSTKHINDALC0  26OCT2006                    ,2006-10-06,P,1595,177,0,0,-282631.767,282.22,34.54,0
VCCS0     ,FUTSTKHINDALC0  26OCT2006                    ,2006-10-06,P,1595,177,0,0,-282631.767,282.22,34.54,0
Z2514     ,FUTSTKHINDALC0  26OCT2006                    ,2006-10-06,P,1595,177,0,0,-282631.767,282.22,34.54,0
AHBI4     ,FUTSTKHINDALC0  26OCT2006                    ,2006-10-06,P,1595,177,0,0,-282631.767,282.22,34.54,0
QHYX5     ,FUTSTKINFOSYSTCH26OCT2006                    ,2006-10-10,P,200,1932.95,0,0,-386806.94,193.28,23.66,0
QHYX5     ,FUTSTKINFOSYSTCH26OCT2006                    ,2006-10-11,S,0,0,200,1974.2,394396.84,394.83,48.33,67.12
GPY63     ,FUTIDXNIFTY     26OCT2006                    ,2006-10-11,S,0,0,100,3555.6,355360.46,177.78,21.76,60.45
ATKQ6     ,FUTIDXNIFTY     26OCT2006                    ,2006-10-11,S,0,0,100,3556.2,355438.64,161.58,19.78,60.46
HLL66     ,FUTIDXNIFTY     26OCT2006                    ,2006-10-11,S,0,0,100,3555.5,355350.47,177.77,21.76,60.44
PMGV8     ,FUTIDXNIFTY     26OCT2006                    ,2006-10-11,S,0,0,100,3555,355300.5,177.74,21.76,60.44
AQSV7     ,FUTIDXNIFTY     26OCT2006                    ,2006-10-11,S,0,0,100,3555,355100.99,355.5,43.51,60.44
MOLS1     ,FUTIDXNIFTY     26OCT2006                    ,2006-10-11,S,0,0,100,3556.35,355435.42,177.82,21.76,60.46
QPU40     ,FUTIDXNIFTY     26OCT2006                    ,2006-10-11,S,0,0,100,3555.5,355150.94,355.54,43.52,60.44
AHBI4     ,FUTIDXNIFTY     26OCT2006                    ,2006-10-11,S,0,0,100,3555,355100.99,355.5,43.51,60.44
BFSI8     ,FUTIDXNIFTY     26OCT2006                    ,2006-10-11,S,0,0,100,3555,355100.99,355.5,43.51,60.44
PEVE5     ,FUTIDXNIFTY     26OCT2006                    ,2006-10-11,S,0,0,100,3558.65,355465.58,355.86,43.56,60.5
ARCZ6     ,FUTIDXNIFTY     26OCT2006                    ,2006-10-11,S,0,0,100,3555,355100.99,355.5,43.51,60.44
Z2514     ,FUTIDXNIFTY     26OCT2006                    ,2006-10-11,S,0,0,100,3554,355001.1,355.4,43.5,60.42
MMIO4     ,FUTIDXNIFTY     26OCT2006                    ,2006-10-11,S,0,0,100,3550,354800.78,177.49,21.73,60.35
VCCS0     ,FUTIDXNIFTY     26OCT2006                    ,2006-10-11,S,0,0,100,3555.5,355150.94,355.54,43.52,60.44
QEPH2     ,FUTIDXNIFTY     26OCT2006                    ,2006-10-11,S,0,0,100,3555.55,355355.47,177.77,21.76,60.44
VCCR3     ,FUTIDXNIFTY     26OCT2006                    ,2006-10-11,S,0,0,100,3555,355100.99,355.5,43.51,60.44
VCCR3     ,FUTIDXNIFTY     26OCT2006                    ,2006-10-13,P,100,3655,0,0,-365910.23,365.49,44.74,0
QEPH2     ,FUTIDXNIFTY     26OCT2006                    ,2006-10-13,P,100,3655,0,0,-365910.23,365.49,44.74,0
VCCS0     ,FUTIDXNIFTY     26OCT2006                    ,2006-10-13,P,100,3655,0,0,-365910.23,365.49,44.74,0
MMIO4     ,FUTIDXNIFTY     26OCT2006                    ,2006-10-13,P,100,3655,0,0,-365705.11,182.74,22.37,0
Z2514     ,FUTIDXNIFTY     26OCT2006                    ,2006-10-13,P,100,3655,0,0,-365910.23,365.49,44.74,0
ARCZ6     ,FUTIDXNIFTY     26OCT2006                    ,2006-10-13,P,100,3655,0,0,-365910.23,365.49,44.74,0
PEVE5     ,FUTIDXNIFTY     26OCT2006                    ,2006-10-13,P,100,3655,0,0,-365910.23,365.49,44.74,0
BFSI8     ,FUTIDXNIFTY     26OCT2006                    ,2006-10-13,P,100,3655,0,0,-365910.23,365.49,44.74,0
AHBI4     ,FUTIDXNIFTY     26OCT2006                    ,2006-10-13,P,100,3655,0,0,-365910.23,365.49,44.74,0
QPU40     ,FUTIDXNIFTY     26OCT2006                    ,2006-10-13,P,100,3655,0,0,-365910.23,365.49,44.74,0
MOLS1     ,FUTIDXNIFTY     26OCT2006                    ,2006-10-13,P,100,3655,0,0,-365910.23,365.49,44.74,0
AQSV7     ,FUTIDXNIFTY     26OCT2006                    ,2006-10-13,P,100,3655,0,0,-365910.23,365.49,44.74,0
PMGV8     ,FUTIDXNIFTY     26OCT2006                    ,2006-10-13,P,100,3655,0,0,-365910.23,365.49,44.74,0
HLL66     ,FUTIDXNIFTY     26OCT2006                    ,2006-10-13,P,100,3655,0,0,-365910.23,365.49,44.74,0
ATKQ6     ,FUTIDXNIFTY     26OCT2006                    ,2006-10-13,P,100,3655,0,0,-365686.4,166.07,20.33,0
GPY63     ,FUTIDXNIFTY     26OCT2006                    ,2006-10-13,P,100,3655,0,0,-365910.23,365.49,44.74,0
ARGD6     ,FUTIDXNIFTY     30NOV2006                    ,2006-11-10,S,0,0,100,3839.5,383519.06,383.95,46.99,65.27
HLL66     ,FUTIDXNIFTY     30NOV2006                    ,2006-11-10,S,0,0,100,3839.5,383734.53,191.97,23.5,65.27
PMGV8     ,FUTIDXNIFTY     30NOV2006                    ,2006-11-10,S,0,0,100,3839.5,383734.53,191.97,23.5,65.27
QPU40     ,FUTIDXNIFTY     30NOV2006                    ,2006-11-10,S,0,0,100,3839.5,383519.06,383.95,46.99,65.27
AHBI4     ,FUTIDXNIFTY     30NOV2006                    ,2006-11-10,S,0,0,100,3839.5,383519.06,383.95,46.99,65.27
VCCS0     ,FUTIDXNIFTY     30NOV2006                    ,2006-11-10,S,0,0,100,3839.5,383519.06,383.95,46.99,65.27
VCCR3     ,FUTIDXNIFTY     30NOV2006                    ,2006-11-10,S,0,0,100,3839.5,383519.06,383.95,46.99,65.27
VCCR3     ,FUTIDXNIFTY     30NOV2006                    ,2006-11-14,P,100,3867.55,0,0,-387189.09,386.75,47.34,0
VCCR3     ,FUTIDXNIFTY     30NOV2006                    ,2006-11-14,S,0,0,100,3875,387500,0,0,65.88
VCCS0     ,FUTIDXNIFTY     30NOV2006                    ,2006-11-14,S,0,0,100,3875,387500,0,0,65.88
VCCS0     ,FUTIDXNIFTY     30NOV2006                    ,2006-11-14,P,100,3867.65,0,0,-387199.1,386.76,47.34,0
PEVE5     ,FUTIDXNIFTY     30NOV2006                    ,2006-11-14,S,0,0,100,3875,387065.07,387.5,47.43,65.88
Z2514     ,FUTIDXNIFTY     30NOV2006                    ,2006-11-14,S,0,0,100,3875,387065.07,387.5,47.43,65.88
ATKQ6     ,FUTIDXNIFTY     30NOV2006                    ,2006-11-14,S,0,0,100,3875.15,387317.37,176.08,21.55,65.88
GPY63     ,FUTIDXNIFTY     30NOV2006                    ,2006-11-14,S,0,0,100,3875.15,387297.53,193.75,23.72,65.88
VCCS0     ,FUTIDXNIFTY     30NOV2006                    ,2006-11-15,S,0,0,100,3883,387864.18,388.29,47.53,66.01
VCCR3     ,FUTIDXNIFTY     30NOV2006                    ,2006-11-15,S,0,0,100,3883,387864.18,388.29,47.53,66.01
VCCR3     ,FUTSTKLT        30NOV2006                    ,2006-11-16,P,200,1356.1,0,0,-271524.4,271.2,33.2,0
VCCS0     ,FUTSTKLT        30NOV2006                    ,2006-11-16,P,200,1356.1,0,0,-271524.4,271.2,33.2,0
VCCS0     ,FUTIDXNIFTY     30NOV2006                    ,2006-11-17,P,100,3855,0,0,-385932.68,385.5,47.18,0
VCCR3     ,FUTIDXNIFTY     30NOV2006                    ,2006-11-17,P,100,3855,0,0,-385932.68,385.5,47.18,0
VCCR3     ,FUTIDXNIFTY     30NOV2006                    ,2006-11-20,P,100,3810,0,0,-381427.63,381,46.63,0
VCCR3     ,FUTIDXNIFTY     30NOV2006                    ,2006-11-20,S,0,0,100,3865.4,386540,0,0,65.71
VCCS0     ,FUTIDXNIFTY     30NOV2006                    ,2006-11-20,P,100,3810,0,0,-381427.63,381,46.63,0
VCCS0     ,FUTIDXNIFTY     30NOV2006                    ,2006-11-20,S,0,0,100,3865.6,386560,0,0,65.72
Z2514     ,FUTIDXNIFTY     30NOV2006                    ,2006-11-20,P,100,3810,0,0,-381427.63,381,46.63,0
Z2514     ,FUTIDXNIFTY     30NOV2006                    ,2006-11-20,S,0,0,100,3866,386600,0,0,65.72
PEVE5     ,FUTIDXNIFTY     30NOV2006                    ,2006-11-20,P,100,3810,0,0,-381427.63,381,46.63,0
PEVE5     ,FUTIDXNIFTY     30NOV2006                    ,2006-11-20,S,0,0,100,3865.25,386525,0,0,65.71
AHBI4     ,FUTIDXNIFTY     30NOV2006                    ,2006-11-20,P,100,3810,0,0,-381427.63,381,46.63,0
AHBI4     ,FUTIDXNIFTY     30NOV2006                    ,2006-11-20,S,0,0,100,3865.5,386550,0,0,65.71
GPY63     ,FUTIDXNIFTY     30NOV2006                    ,2006-11-20,P,100,3810,0,0,-381213.81,190.49,23.32,0
GPY63     ,FUTIDXNIFTY     30NOV2006                    ,2006-11-20,S,0,0,100,3866.95,386477.99,193.34,23.67,65.74
ADMF9     ,FUTSTKITC       30NOV2006                    ,2006-11-20,P,1125,175.05,0,0,-197152.2,196.85,24.1,0
ADMF9     ,FUTSTKITC       30NOV2006                    ,2006-11-20,S,0,0,1125,179,201375,0,0,34.23
ATKQ6     ,FUTIDXNIFTY     30NOV2006                    ,2006-11-20,P,100,3810,0,0,-381194.31,173.12,21.19,0
ATKQ6     ,FUTIDXNIFTY     30NOV2006                    ,2006-11-20,S,0,0,100,3866,386600,0,0,65.72
ARGD6     ,FUTIDXNIFTY     30NOV2006                    ,2006-11-20,S,0,0,100,3865.05,386505,0,0,65.71
ARGD6     ,FUTIDXNIFTY     30NOV2006                    ,2006-11-20,P,100,3810,0,0,-381427.63,381,46.63,0
QPU40     ,FUTIDXNIFTY     30NOV2006                    ,2006-11-20,S,0,0,100,3865.1,386510,0,0,65.71
QPU40     ,FUTIDXNIFTY     30NOV2006                    ,2006-11-20,P,100,3810,0,0,-381427.63,381,46.63,0
PMGV8     ,FUTIDXNIFTY     30NOV2006                    ,2006-11-20,P,100,3810,0,0,-381213.81,190.49,23.32,0
PMGV8     ,FUTIDXNIFTY     30NOV2006                    ,2006-11-20,S,0,0,100,3866.2,386403.03,193.31,23.66,65.73
HLL66     ,FUTIDXNIFTY     30NOV2006                    ,2006-11-20,S,0,0,100,3866.15,386398.04,193.3,23.66,65.72
HLL66     ,FUTIDXNIFTY     30NOV2006                    ,2006-11-20,P,100,3810,0,0,-381213.81,190.49,23.32,0
HLL66     ,FUTIDXNIFTY     30NOV2006                    ,2006-11-21,P,100,3893,0,0,-389736.95,389.3,47.65,0
PMGV8     ,FUTIDXNIFTY     30NOV2006                    ,2006-11-21,P,100,3893,0,0,-389736.95,389.3,47.65,0
QPU40     ,FUTIDXNIFTY     30NOV2006                    ,2006-11-21,P,100,3893,0,0,-389736.95,389.3,47.65,0
ARGD6     ,FUTIDXNIFTY     30NOV2006                    ,2006-11-21,P,100,3893,0,0,-389736.95,389.3,47.65,0
ATKQ6     ,FUTIDXNIFTY     30NOV2006                    ,2006-11-21,P,100,3893,0,0,-389498.54,176.89,21.65,0
GPY63     ,FUTIDXNIFTY     30NOV2006                    ,2006-11-21,P,100,3893,0,0,-389736.95,389.3,47.65,0
AHBI4     ,FUTIDXNIFTY     30NOV2006                    ,2006-11-21,P,100,3893,0,0,-389736.95,389.3,47.65,0
PEVE5     ,FUTIDXNIFTY     30NOV2006                    ,2006-11-21,P,100,3893,0,0,-389736.95,389.3,47.65,0
Z2514     ,FUTIDXNIFTY     30NOV2006                    ,2006-11-21,P,100,3893,0,0,-389736.95,389.3,47.65,0
VCCS0     ,FUTIDXNIFTY     30NOV2006                    ,2006-11-21,P,100,3893,0,0,-389736.95,389.3,47.65,0
VCCR3     ,FUTIDXNIFTY     30NOV2006                    ,2006-11-21,P,100,3893,0,0,-389736.95,389.3,47.65,0
VCCR3     ,FUTIDXNIFTY     30NOV2006                    ,2006-11-22,S,0,0,100,3949,394456.77,394.89,48.34,67.13
VCCR3     ,FUTSTKLT        30NOV2006                    ,2006-11-22,S,0,0,200,1370,273692.48,273.98,33.54,46.58
VCCS0     ,FUTSTKLT        30NOV2006                    ,2006-11-22,S,0,0,200,1370.05,273702.46,274,33.54,46.58
VCCS0     ,FUTIDXNIFTY     30NOV2006                    ,2006-11-22,S,0,0,100,3949,394456.77,394.89,48.34,67.13
Z2514     ,FUTIDXNIFTY     30NOV2006                    ,2006-11-22,S,0,0,100,3964.5,396005.03,396.45,48.52,67.4
ARCZ6     ,FUTIDXNIFTY     30NOV2006                    ,2006-11-22,S,0,0,100,3949,394456.77,394.89,48.34,67.13
ADMF9     ,FUTSTKITC       30NOV2006                    ,2006-11-22,S,0,0,1125,183.35,206268.75,0,0,35.07
ADMF9     ,FUTSTKITC       30NOV2006                    ,2006-11-22,P,1125,185.25,0,0,-208640.1375,208.38,25.51,0
PMGV8     ,FUTIDXNIFTY     30NOV2006                    ,2006-11-22,S,0,0,100,3964.5,396227.52,198.22,24.26,67.4
PMGV8     ,FUTIDXNIFTY     30NOV2006                    ,2006-11-28,P,100,3945,0,0,-394942.78,394.49,48.29,0
ARCZ6     ,FUTIDXNIFTY     30NOV2006                    ,2006-11-28,P,100,3945,0,0,-394942.78,394.49,48.29,0
Z2514     ,FUTIDXNIFTY     30NOV2006                    ,2006-11-28,P,100,3945,0,0,-394942.78,394.49,48.29,0
VCCS0     ,FUTIDXNIFTY     30NOV2006                    ,2006-11-28,P,100,3945,0,0,-394942.78,394.49,48.29,0
VCCR3     ,FUTIDXNIFTY     30NOV2006                    ,2006-11-28,P,100,3945,0,0,-394942.78,394.49,48.29,0
VCCS0     ,FUTIDXBANKNIFTY 28DEC2006                    ,2006-12-11,P,100,5830,0,0,-583654.35,582.99,71.36,0
ARCZ6     ,FUTIDXNIFTY     28DEC2006                    ,2006-12-11,S,0,0,100,3860,386000,0,0,65.62
ARCZ6     ,FUTIDXNIFTY     28DEC2006                    ,2006-12-11,P,100,3840.1,0,0,-384441.01,384.01,47,0
AHBI4     ,FUTIDXNIFTY     28DEC2006                    ,2006-12-11,S,0,0,100,3860,386000,0,0,65.62
AHBI4     ,FUTIDXNIFTY     28DEC2006                    ,2006-12-11,P,100,3840.1,0,0,-384441.01,384.01,47,0
QPU40     ,FUTIDXNIFTY     28DEC2006                    ,2006-12-11,S,0,0,100,3860,386000,0,0,65.62
QPU40     ,FUTIDXNIFTY     28DEC2006                    ,2006-12-11,P,100,3840.1,0,0,-384441.01,384.01,47,0
HLL66     ,FUTIDXNIFTY     28DEC2006                    ,2006-12-11,S,0,0,100,3860,385783.38,193,23.62,65.62
HLL66     ,FUTIDXNIFTY     28DEC2006                    ,2006-12-11,P,100,3840.1,0,0,-384225.5,192,23.5,0
R3J83     ,FUTIDXNIFTY     28DEC2006                    ,2006-12-11,P,100,3840.1,0,0,-384441.01,384.01,47,0
R3J83     ,FUTIDXNIFTY     28DEC2006                    ,2006-12-11,S,0,0,100,3860,386000,0,0,65.62
ADMF9     ,FUTSTKITC       28DEC2006                    ,2006-12-11,P,1125,179.6,0,0,-202276.6875,201.97,24.72,0
ADMF9     ,FUTSTKITC       28DEC2006                    ,2006-12-12,S,0,0,1125,178.1,200137.725,200.26,24.51,34.06
VCCS0     ,FUTIDXBANKNIFTY 28DEC2006                    ,2006-12-12,P,100,5610,0,0,-561629.66,560.99,68.67,0
VCCS0     ,FUTIDXBANKNIFTY 28DEC2006                    ,2006-12-12,S,0,0,100,5495,549500,0,0,93.42
VCCS0     ,FUTIDXBANKNIFTY 28DEC2006                    ,2006-12-13,S,0,0,100,5500,549382.68,550,67.32,93.5
VCCS0     ,FUTIDXNIFTY     28DEC2006                    ,2006-12-19,S,0,0,100,3890,389000,0,0,66.13
VCCS0     ,FUTIDXNIFTY     28DEC2006                    ,2006-12-19,P,100,3815,0,0,-381928.19,381.5,46.69,0
AHBI4     ,FUTIDXNIFTY     28DEC2006                    ,2006-12-19,P,100,3815,0,0,-381928.19,381.5,46.69,0
AHBI4     ,FUTIDXNIFTY     28DEC2006                    ,2006-12-19,S,0,0,100,3890,389000,0,0,66.13
Z2514     ,FUTIDXNIFTY     28DEC2006                    ,2006-12-19,S,0,0,100,3890,389000,0,0,66.13
Z2514     ,FUTIDXNIFTY     28DEC2006                    ,2006-12-19,P,100,3815,0,0,-381928.19,381.5,46.69,0
QPU40     ,FUTIDXNIFTY     28DEC2006                    ,2006-12-19,S,0,0,100,3890,389000,0,0,66.13
QPU40     ,FUTIDXNIFTY     28DEC2006                    ,2006-12-19,P,100,3815,0,0,-381928.19,381.5,46.69,0
QPU40     ,FUTIDXNIFTY     25JAN2007                    ,2007-01-11,S,0,0,100,3886,388163.84,388.6,47.56,66.06
MOLS1     ,FUTIDXNIFTY     25JAN2007                    ,2007-01-11,S,0,0,100,3886,388381.92,194.3,23.78,66.06
HLL66     ,FUTIDXNIFTY     25JAN2007                    ,2007-01-11,S,0,0,100,3886,388381.92,194.3,23.78,66.06
VCCS0     ,FUTIDXNIFTY     25JAN2007                    ,2007-01-11,S,0,0,100,3886,388163.84,388.6,47.56,66.06
VCCS0     ,FUTIDXNIFTY     25JAN2007                    ,2007-01-12,S,0,0,100,3999,399451.16,399.89,48.95,67.98
Z2514     ,FUTIDXNIFTY     25JAN2007                    ,2007-01-12,S,0,0,100,3998,399351.27,399.8,48.93,67.97
AHBI4     ,FUTIDXNIFTY     25JAN2007                    ,2007-01-12,S,0,0,100,3999.15,399466.14,399.91,48.95,67.99
AHBI4     ,FUTIDXNIFTY     25JAN2007                    ,2007-01-16,S,0,0,100,4085,408041.5,408.5,50,69.45
AHBI4     ,FUTIDXNIFTY     25JAN2007                    ,2007-01-24,P,100,4090,0,0,-409459.06,409,50.06,0
VCCS0     ,FUTIDXNIFTY     25JAN2007                    ,2007-01-24,P,100,4090,0,0,-409459.06,409,50.06,0
VCCS0     ,FUTIDXNIFTY     25JAN2007                    ,2007-01-25,P,100,4146.5,0,0,-415115.4,414.65,50.75,0
AHBI4     ,FUTIDXNIFTY     25JAN2007                    ,2007-01-25,P,100,4146.4,0,0,-415105.39,414.64,50.75,0
Z2514     ,FUTIDXNIFTY     25JAN2007                    ,2007-01-25,P,100,4147.7,0,0,-415235.53,414.76,50.77,0
HLL66     ,FUTIDXNIFTY     25JAN2007                    ,2007-01-25,P,100,4146.45,0,0,-415110.39,414.64,50.75,0
MOLS1     ,FUTIDXNIFTY     25JAN2007                    ,2007-01-25,P,100,4147,0,0,-415165.45,414.69,50.76,0
QPU40     ,FUTIDXNIFTY     25JAN2007                    ,2007-01-25,P,100,4146.95,0,0,-415160.45,414.69,50.76,0
PEVE5     ,OPTIDXNIFTY     22FEB2007CE   4100.00        ,2007-01-29,P,100,100,0,0,-10471.4,419.99,51.41,0
PEVE5     ,OPTSTKSBIN      22FEB2007CA   1200.00        ,2007-01-31,P,500,26.75,0,0,-14063.45,613.37,75.08,0
TPD23     ,FUTSTKTATASTEEL 22FEB2007                    ,2007-01-31,P,675,477,0,0,-322336.3275,321.92,39.4,0
PEVE5     ,OPTSTKSBIN      22FEB2007CA   1200.00        ,2007-02-01,S,0,0,500,44.9,21751.4,622.42,76.18,3.82
PEVE5     ,OPTIDXNIFTY     22FEB2007CE   4100.00        ,2007-02-08,S,0,0,100,136.1,13134.55,423.6,51.85,2.31
AHBI4     ,FUTIDXNIFTY     22FEB2007                    ,2007-02-12,S,0,0,100,4120,411537.58,411.99,50.43,70.04
VCCS0     ,FUTIDXNIFTY     22FEB2007                    ,2007-02-12,S,0,0,100,4120,411537.58,411.99,50.43,70.04
MOLS1     ,FUTIDXNIFTY     22FEB2007                    ,2007-02-12,S,0,0,100,4120,411768.79,206,25.21,70.04
QPU40     ,FUTIDXNIFTY     22FEB2007                    ,2007-02-12,S,0,0,100,4120,411537.58,411.99,50.43,70.04
PEVE5     ,OPTIDXNIFTY     22FEB2007CE   4000.00        ,2007-02-13,P,100,94,0,0,-9859.51,409.4,50.11,0
PEVE5     ,OPTIDXNIFTY     22FEB2007CE   4000.00        ,2007-02-13,S,0,0,100,109,10900,0,0,1.85
AHBI4     ,FUTSTKSBIN      22FEB2007                    ,2007-02-14,S,0,0,500,1100,549382.7,549.98,67.32,93.5
AHBI4     ,FUTIDXNIFTY     22FEB2007                    ,2007-02-14,P,100,4005,0,0,-400949.52,400.5,49.02,0
Z2514     ,FUTSTKSBIN      22FEB2007                    ,2007-02-14,S,0,0,500,1100,549382.7,549.98,67.32,93.5
VCCS0     ,FUTSTKSBIN      22FEB2007                    ,2007-02-14,S,0,0,500,1100,549382.7,549.98,67.32,93.5
VCCS0     ,FUTIDXNIFTY     22FEB2007                    ,2007-02-14,P,100,4005,0,0,-400949.52,400.5,49.02,0
QPU40     ,FUTSTKSBIN      22FEB2007                    ,2007-02-14,S,0,0,500,1100,549382.7,549.98,67.32,93.5
QPU40     ,FUTIDXNIFTY     22FEB2007                    ,2007-02-14,P,100,4005,0,0,-400949.52,400.5,49.02,0
MOLS1     ,FUTIDXNIFTY     22FEB2007                    ,2007-02-14,P,100,4005,0,0,-400949.52,400.5,49.02,0
MOLS1     ,FUTSTKSBIN      22FEB2007                    ,2007-02-14,S,0,0,500,1100,549691.35,274.99,33.66,93.5
HLL66     ,FUTSTKSBIN      22FEB2007                    ,2007-02-14,S,0,0,500,1100,549691.35,274.99,33.66,93.5
VOSL5     ,FUTSTKSBIN      22FEB2007                    ,2007-02-14,S,0,0,500,1100,549382.7,549.98,67.32,93.5
VOSL5     ,FUTSTKSBIN      22FEB2007                    ,2007-02-15,P,500,1120,0,0,-560628.5,559.96,68.54,0
HLL66     ,FUTSTKSBIN      22FEB2007                    ,2007-02-15,P,500,1120,0,0,-560628.5,559.96,68.54,0
MOLS1     ,FUTSTKSBIN      22FEB2007                    ,2007-02-15,P,500,1120,0,0,-560628.5,559.96,68.54,0
QPU40     ,FUTSTKSBIN      22FEB2007                    ,2007-02-15,P,500,1120,0,0,-560628.5,559.96,68.54,0
VCCS0     ,FUTSTKSBIN      22FEB2007                    ,2007-02-15,P,500,1120,0,0,-560628.5,559.96,68.54,0
Z2514     ,FUTSTKSBIN      22FEB2007                    ,2007-02-15,P,500,1120,0,0,-560628.5,559.96,68.54,0
AHBI4     ,FUTSTKSBIN      22FEB2007                    ,2007-02-15,P,500,1120,0,0,-560628.5,559.96,68.54,0
TPD23     ,FUTSTKTCS       22FEB2007                    ,2007-02-19,S,0,0,250,1316.25,329062.5,0,0,55.94
TPD23     ,FUTSTKTCS       22FEB2007                    ,2007-02-19,P,250,1306,0,0,-326866.45,326.49,39.96,0
TPD23     ,FUTSTKINFOSYSTCH22FEB2007                    ,2007-02-19,P,200,2390,0,0,-478536.5,477.99,58.51,0
TPD23     ,FUTSTKINDUSINDBK22FEB2007                    ,2007-02-20,P,7700,51.75,0,0,-398921.6,397.9,48.7,0
TPD23     ,FUTSTKTCS       22FEB2007                    ,2007-02-20,P,250,1305,0,0,-326616.175,326.24,39.93,0
TPD23     ,FUTSTKBALRAMCHIN22FEB2007                    ,2007-02-21,P,2400,59.8,0,0,-143681.04,143.48,17.56,0
TPD23     ,FUTSTKTATASTEEL 29MAR2007                    ,2007-02-22,P,675,461,0,0,-311524.245,311.16,38.09,0
TPD23     ,FUTSTKINFOSYSTCH29MAR2007                    ,2007-02-22,P,200,2325,0,0,-465521.9,464.99,56.91,0
TPD23     ,FUTSTKBALRAMCHIN22FEB2007                    ,2007-02-22,S,0,0,2400,56.85,136286.88,136.42,16.7,23.19
TPD23     ,FUTSTKTATASTEEL 22FEB2007                    ,2007-02-22,S,0,0,675,460.3,310353.795,310.68,38.03,52.82
TPD23     ,FUTSTKINFOSYSTCH22FEB2007                    ,2007-02-22,S,0,0,200,2326.5,464777.76,465.29,56.95,79.1
TPD23     ,FUTSTKINDUSINDBK22FEB2007                    ,2007-02-22,S,0,0,7700,52.25,401873.78,402.01,49.21,68.4
TPD23     ,FUTSTKTCS       29MAR2007                    ,2007-02-22,P,250,1295,0,0,-324113.375,323.75,39.63,0
TPD23     ,FUTSTKTCS       29MAR2007                    ,2007-02-22,S,0,0,250,1303.1,325775,0,0,55.38
TPD23     ,FUTSTKTCS       22FEB2007                    ,2007-02-22,S,0,0,250,1311,327382.15,327.74,40.11,55.72
TPD23     ,FUTSTKINDUSINDBK29MAR2007                    ,2007-02-23,P,3850,49.5,0,0,-190788.675,190.37,23.3,0
TPD23     ,FUTSTKBALRAMCHIN29MAR2007                    ,2007-02-23,P,2400,57,0,0,-136953.36,136.64,16.72,0
TPD23     ,FUTSTKTCS       29MAR2007                    ,2007-02-23,P,250,1286,0,0,-321860.85,321.5,39.35,0
PEVE5     ,FUTIDXNIFTY     29MAR2007                    ,2007-02-23,P,50,4016.4,0,0,-201045.4,200.82,24.58,0
PEVE5     ,FUTIDXNIFTY     29MAR2007                    ,2007-02-23,P,50,3985,0,0,-199473.635,199.25,24.39,0
PEVE5     ,FUTIDXNIFTY     29MAR2007                    ,2007-02-28,S,0,0,50,3770.2,188298.42,188.51,23.07,32.05
PEVE5     ,FUTIDXNIFTY     29MAR2007                    ,2007-02-28,S,0,0,50,3776,188588.095,188.8,23.11,32.1
PEVE5     ,FUTIDXNIFTY     29MAR2007                    ,2007-02-28,P,50,3714,0,0,-185700,0,0,0
TPD23     ,FUTSTKCIPLA     29MAR2007                    ,2007-02-28,P,1250,235.9,0,0,-295205.875,294.79,36.08,0
TPD23     ,FUTSTKBALRAMCHIN29MAR2007                    ,2007-02-28,S,0,0,2400,60.15,144360,0,0,24.54
TPD23     ,FUTSTKCIPLA     29MAR2007                    ,2007-02-28,S,0,0,1250,236.3,295375,0,0,50.21
TPD23     ,FUTSTKBALRAMCHIN29MAR2007                    ,2007-02-28,P,2400,59,0,0,-141758.88,141.55,17.33,0
TPD23     ,FUTSTKBALRAMCHIN29MAR2007                    ,2007-03-01,S,0,0,2400,61,146235.84,146.26,17.9,24.89
PEVE5     ,FUTIDXNIFTY     29MAR2007                    ,2007-03-02,S,0,0,50,3777.5,188663.01,188.87,23.12,32.11
PEVE5     ,FUTIDXNIFTY     29MAR2007                    ,2007-03-05,P,50,3531.4,0,0,-176768.18,176.57,21.61,0
PEVE5     ,FUTIDXNIFTY     29MAR2007                    ,2007-03-06,S,0,0,50,3609.5,180272.435,180.47,22.09,30.68
AHBI4     ,FUTIDXNIFTY     29MAR2007                    ,2007-03-09,P,50,3676,0,0,-184006.295,183.8,22.5,0
AHBI4     ,FUTIDXNIFTY     29MAR2007                    ,2007-03-09,S,0,0,50,3694.3,184715,0,0,31.4
VCCS0     ,FUTIDXNIFTY     29MAR2007                    ,2007-03-09,P,50,3676,0,0,-184006.295,183.8,22.5,0
VCCS0     ,FUTIDXNIFTY     29MAR2007                    ,2007-03-09,S,0,0,50,3698.05,184902.5,0,0,31.43
TPD23     ,FUTSTKRPL       29MAR2007                    ,2007-03-09,P,3350,68,0,0,-228055.605,227.73,27.87,0
TPD23     ,FUTSTKRPL       29MAR2007                    ,2007-03-09,S,0,0,3350,68.6,229810,0,0,39.07
QPU40     ,FUTIDXNIFTY     29MAR2007                    ,2007-03-09,P,50,3676,0,0,-184006.295,183.8,22.5,0
QPU40     ,FUTIDXNIFTY     29MAR2007                    ,2007-03-09,S,0,0,50,3692.8,184640,0,0,31.39
TPD23     ,FUTSTKTCS       29MAR2007                    ,2007-03-12,S,0,0,250,1240,310000,0,0,52.7
TPD23     ,FUTSTKINFOSYSTCH29MAR2007                    ,2007-03-12,S,0,0,100,2140,214000,0,0,36.38
TPD23     ,FUTSTKTCS       29MAR2007                    ,2007-03-12,P,250,1236.1,0,0,-309371.825,309,37.82,0
TPD23     ,FUTSTKINFOSYSTCH29MAR2007                    ,2007-03-12,P,100,2125,0,0,-212738.51,212.5,26.01,0
TPD23     ,FUTSTKTATASTEEL 29MAR2007                    ,2007-03-13,S,0,0,675,445,300037.905,300.33,36.76,51.06
TPD23     ,FUTSTKTCS       29MAR2007                    ,2007-03-13,S,0,0,250,1255,313397.85,313.75,38.4,53.34
TPD23     ,FUTSTKTCS       29MAR2007                    ,2007-03-14,P,250,1210,0,0,-302839.525,302.5,37.03,0
PEVE5     ,FUTIDXNIFTY     29MAR2007                    ,2007-03-14,P,50,3626,0,0,-181503.49,181.3,22.19,0
TPD23     ,FUTSTKTATASTEEL 29MAR2007                    ,2007-03-15,P,675,435,0,0,-293954.535,293.6,35.94,0
TPD23     ,FUTSTKINDUSINDBK29MAR2007                    ,2007-03-15,P,3850,41,0,0,-158027.1,157.79,19.31,0
TPD23     ,FUTSTKTCS       29MAR2007                    ,2007-03-15,S,0,0,250,1240,309652.075,309.98,37.94,52.7
TPD23     ,FUTSTKINDUSINDBK29MAR2007                    ,2007-03-15,S,0,0,3850,41.5,159775,0,0,27.16
PEVE5     ,FUTIDXNIFTY     29MAR2007                    ,2007-03-20,S,0,0,50,3686.1,184098.14,184.3,22.56,31.33
TPD23     ,FUTSTKINDUSINDBK29MAR2007                    ,2007-03-22,S,0,0,3850,43,165364.43,165.33,20.24,28.14
TPD23     ,FUTSTKINDUSINDBK29MAR2007                    ,2007-03-26,P,3850,42,0,0,-161881.335,161.56,19.77,0
TPD23     ,FUTSTKTATASTEEL 29MAR2007                    ,2007-03-28,S,0,0,675,444.4,299633.3775,299.91,36.71,50.99
TPD23     ,FUTSTKINFOSYSTCH29MAR2007                    ,2007-03-29,S,0,0,200,1995,398552.18,398.98,48.84,67.83
TPD23     ,FUTSTKINDUSINDBK29MAR2007                    ,2007-03-29,S,0,0,3850,39.4,151519.83,151.61,18.56,25.79
TPD23     ,FUTSTKINFOSYSTCH26APR2007                    ,2007-03-29,P,100,2010,0,0,-201225.6,201,24.6,0
TPD23     ,FUTSTKINFOSYSTCH26APR2007                    ,2007-03-30,S,0,0,100,2030,202772.16,202.99,24.85,34.51
RLJ80     ,FUTIDXNIFTY     27APR2006                    ,2006-04-03,S,0,0,100,3444,344020.48,338.13,41.39,58.55
L4729     ,FUTIDXNIFTY     27APR2006                    ,2006-04-03,S,0,0,100,3444,344020.48,338.13,41.39,58.55
L4729     ,FUTIDXNIFTY     27APR2006                    ,2006-04-05,P,100,3495.5,0,0,-349935.2,343.19,42.01,0
L4729     ,FUTIDXNIFTY     27APR2006                    ,2006-04-05,S,0,0,100,3504,350400,0,0,59.57
L4729     ,FUTIDXNIFTY     27APR2006                    ,2006-04-07,P,100,3530,0,0,-353389,346.58,42.42,0
L4729     ,FUTIDXNIFTY     27APR2006                    ,2006-04-07,P,100,3475,0,0,-347882.94,341.18,41.76,0
RLJ80     ,FUTIDXNIFTY     27APR2006                    ,2006-04-07,P,100,3530,0,0,-353389,346.58,42.42,0
RLJ80     ,FUTIDXNIFTY     27APR2006                    ,2006-04-07,P,100,3475,0,0,-347882.94,341.18,41.76,0
RLJ80     ,FUTIDXNIFTY     27APR2006                    ,2006-04-10,S,0,0,100,3492,348815.19,342.85,41.96,59.36
L4729     ,FUTIDXNIFTY     27APR2006                    ,2006-04-10,S,0,0,100,3492,348815.19,342.85,41.96,59.36
L4729     ,FUTIDXCNXIT     27APR2006                    ,2006-04-12,P,100,4220,0,0,-422465.04,414.33,50.71,0
RLJ80     ,FUTIDXCNXIT     27APR2006                    ,2006-04-12,P,100,4220,0,0,-422465.04,414.33,50.71,0
Y2165     ,FUTIDXCNXIT     27APR2006                    ,2006-04-12,P,100,4220,0,0,-422465.04,414.33,50.71,0
Y2165     ,FUTIDXCNXIT     27APR2006                    ,2006-04-17,S,0,0,100,4331,432622.73,425.22,52.05,73.63
RLJ80     ,FUTIDXCNXIT     27APR2006                    ,2006-04-17,S,0,0,100,4331,432622.73,425.22,52.05,73.63
L4729     ,FUTIDXCNXIT     27APR2006                    ,2006-04-18,S,0,0,100,4500,449504.1,441.82,54.08,76.5
U9608     ,FUTIDXNIFTY     25MAY2006                    ,2006-05-19,P,100,3263,0,0,-326666.23,326.29,39.94,0
U9608     ,FUTIDXNIFTY     25MAY2006                    ,2006-05-22,S,0,0,100,3173,316943.87,317.29,38.84,53.94
L4729     ,FUTIDXNIFTY     29JUN2006                    ,2006-05-26,P,100,3192,0,0,-319558.27,319.2,39.07,0
L4729     ,FUTIDXNIFTY     29JUN2006                    ,2006-05-26,S,0,0,100,3221.3,322130,0,0,54.76
RLJ80     ,FUTIDXNIFTY     29JUN2006                    ,2006-05-26,S,0,0,100,3221,322100,0,0,54.76
RLJ80     ,FUTIDXNIFTY     29JUN2006                    ,2006-05-26,P,100,3187,0,0,-319057.7,318.69,39.01,0
L4729     ,FUTIDXNIFTY     29JUN2006                    ,2006-05-29,P,100,3200,0,0,-320359.16,319.99,39.17,0
L4729     ,FUTIDXNIFTY     29JUN2006                    ,2006-05-29,S,0,0,100,3170,317000,0,0,53.89
L4729     ,FUTSTKSBIN      29JUN2006                    ,2006-06-19,S,0,0,500,750,374579.1,375,45.9,63.75
L4729     ,FUTSTKSBIN      29JUN2006                    ,2006-06-28,P,500,715,0,0,-357901.25,357.49,43.76,0
L4729     ,FUTSTKSBIN      27JUL2006                    ,2006-07-07,S,0,0,500,750,375000,0,0,63.75
L4729     ,FUTSTKSBIN      27JUL2006                    ,2006-07-07,P,500,724.9,0,0,-362856.8,362.44,44.36,0
L4729     ,FUTIDXNIFTY     27JUL2006                    ,2006-07-13,S,0,0,100,3161.6,315805.15,316.15,38.7,53.75
RLJ80     ,FUTIDXNIFTY     27JUL2006                    ,2006-07-13,S,0,0,100,3161,315745.21,316.1,38.69,53.74
Y2165     ,FUTIDXNIFTY     27JUL2006                    ,2006-07-13,S,0,0,100,3162.35,315880.06,316.23,38.71,53.76
Y2165     ,FUTIDXNIFTY     27JUL2006                    ,2006-07-17,P,100,2982.9,0,0,-298624.8,298.29,36.51,0
RLJ80     ,FUTIDXNIFTY     27JUL2006                    ,2006-07-17,P,100,2982.7,0,0,-298604.77,298.26,36.51,0
L4729     ,FUTIDXNIFTY     27JUL2006                    ,2006-07-17,P,100,2985,0,0,-298835.03,298.49,36.54,0
L4729     ,FUTSTKSBIN      27JUL2006                    ,2006-07-20,S,0,0,500,732.2,366100,0,0,62.24
L4729     ,FUTSTKSBIN      27JUL2006                    ,2006-07-20,P,500,705,0,0,-352895.6,352.46,43.14,0
U9608     ,FUTSTKSBIN      27JUL2006                    ,2006-07-20,P,500,705,0,0,-352895.6,352.46,43.14,0
U9608     ,FUTSTKSBIN      27JUL2006                    ,2006-07-20,S,0,0,500,732.3,366150,0,0,62.25
RLJ80     ,FUTSTKSBIN      27JUL2006                    ,2006-07-20,S,0,0,500,732.2,366100,0,0,62.24
RLJ80     ,FUTSTKSBIN      27JUL2006                    ,2006-07-20,P,500,705,0,0,-352895.6,352.46,43.14,0
RLJ80     ,FUTIDXNIFTY     27JUL2006                    ,2006-07-24,P,100,2882,0,0,-288523.47,288.19,35.28,0
RLJ80     ,FUTIDXNIFTY     27JUL2006                    ,2006-07-24,S,0,0,100,2981.5,298150,0,0,50.69
Y2165     ,FUTIDXNIFTY     27JUL2006                    ,2006-07-24,S,0,0,100,2980.25,298025,0,0,50.66
Y2165     ,FUTIDXNIFTY     27JUL2006                    ,2006-07-24,P,100,2882,0,0,-288523.47,288.19,35.28,0
U9608     ,FUTIDXNIFTY     27JUL2006                    ,2006-07-24,P,100,2880,0,0,-288323.25,288,35.25,0
U9608     ,FUTIDXNIFTY     27JUL2006                    ,2006-07-24,S,0,0,100,2969,296900,0,0,50.47
L4729     ,FUTIDXNIFTY     27JUL2006                    ,2006-07-24,S,0,0,100,2980.25,298025,0,0,50.66
L4729     ,FUTIDXNIFTY     27JUL2006                    ,2006-07-24,P,100,2882,0,0,-288523.47,288.19,35.28,0
U9608     ,OPTIDXNIFTY     31AUG2006CE   3300.00        ,2006-08-02,P,200,50,0,0,-10752,669.99,82.01,0
MAOR6     ,OPTIDXNIFTY     31AUG2006CE   3300.00        ,2006-08-02,P,200,50,0,0,-10752,669.99,82.01,0
RLJ80     ,OPTIDXNIFTY     31AUG2006CE   3300.00        ,2006-08-02,P,200,50,0,0,-10752,669.99,82.01,0
RLJ80     ,OPTIDXNIFTY     31AUG2006CE   3300.00        ,2006-08-03,S,0,0,100,62.5,5872.6,336.24,41.16,1.06
RLJ80     ,OPTIDXNIFTY     31AUG2006CE   3300.00        ,2006-08-03,S,0,0,100,62.5,5872.6,336.24,41.16,1.06
U9608     ,OPTIDXNIFTY     31AUG2006CE   3300.00        ,2006-08-03,S,0,0,200,62.5,11745.2,672.49,82.31,2.13
MAOR6     ,OPTIDXNIFTY     31AUG2006CE   3300.00        ,2006-08-03,S,0,0,100,62.5,5872.6,336.24,41.16,1.06
MAOR6     ,OPTIDXNIFTY     31AUG2006CE   3300.00        ,2006-08-03,S,0,0,100,62.5,5872.6,336.24,41.16,1.06
MAOR6     ,FUTSTKSBIN      31AUG2006                    ,2006-08-04,S,0,0,500,820.75,410375,0,0,69.76
MAOR6     ,FUTSTKSBIN      31AUG2006                    ,2006-08-04,P,500,804,0,0,-402451.2,402,49.2,0
U9608     ,FUTSTKSBIN      31AUG2006                    ,2006-08-04,S,0,0,500,819.7,409850,0,0,69.67
U9608     ,FUTSTKSBIN      31AUG2006                    ,2006-08-04,S,0,0,500,817,408500,0,0,69.45
U9608     ,FUTSTKSBIN      31AUG2006                    ,2006-08-04,P,1000,802.9,0,0,-803801.1,802.83,98.27,0
L4729     ,FUTSTKSBIN      31AUG2006                    ,2006-08-04,P,500,804,0,0,-402451.2,402,49.2,0
L4729     ,FUTSTKSBIN      31AUG2006                    ,2006-08-04,S,0,0,500,820.1,410050,0,0,69.71
RLJ80     ,FUTSTKSBIN      31AUG2006                    ,2006-08-04,P,500,804,0,0,-402451.2,402,49.2,0
RLJ80     ,FUTSTKSBIN      31AUG2006                    ,2006-08-04,S,0,0,500,820.8,410400,0,0,69.77
Y2165     ,FUTSTKSBIN      31AUG2006                    ,2006-08-04,P,500,804,0,0,-402451.2,402,49.2,0
Y2165     ,FUTSTKSBIN      31AUG2006                    ,2006-08-04,S,0,0,500,820.3,410150,0,0,69.73
U9608     ,FUTIDXNIFTY     31AUG2006                    ,2006-08-09,P,100,3248,0,0,-325164.55,324.8,39.75,0
U9608     ,FUTIDXNIFTY     31AUG2006                    ,2006-08-09,S,0,0,100,3218.25,321825,0,0,54.71
U9608     ,FUTIDXNIFTY     31AUG2006                    ,2006-08-11,S,0,0,100,3243,323936.01,324.3,39.69,55.13
U9608     ,FUTIDXNIFTY     31AUG2006                    ,2006-08-11,S,0,0,100,3242,323836.12,324.2,39.68,55.11
MAOR6     ,FUTIDXNIFTY     31AUG2006                    ,2006-08-11,S,0,0,200,3240.2,647312.64,648.04,79.32,110.17
L4729     ,FUTIDXNIFTY     31AUG2006                    ,2006-08-11,S,0,0,200,3239.35,647142.84,647.86,79.3,110.14
RLJ80     ,FUTIDXNIFTY     31AUG2006                    ,2006-08-11,S,0,0,200,3240.3,647332.62,648.06,79.32,110.17
RLJ80     ,FUTIDXNIFTY     31AUG2006                    ,2006-08-11,S,0,0,100,3240.1,323646.34,324,39.66,55.08
RLJ80     ,FUTIDXNIFTY     31AUG2006                    ,2006-08-14,P,300,3299,0,0,-990810.81,989.67,121.14,0
L4729     ,FUTIDXNIFTY     31AUG2006                    ,2006-08-14,P,200,3299,0,0,-660540.54,659.78,80.76,0
U9608     ,FUTIDXNIFTY     31AUG2006                    ,2006-08-14,P,200,3299,0,0,-660540.54,659.78,80.76,0
MAOR6     ,FUTIDXNIFTY     31AUG2006                    ,2006-08-14,P,200,3299,0,0,-660540.54,659.78,80.76,0
MAOR6     ,FUTIDXNIFTY     31AUG2006                    ,2006-08-21,S,0,0,100,3335,333125.68,333.5,40.82,56.7
U9608     ,FUTIDXNIFTY     31AUG2006                    ,2006-08-21,S,0,0,100,3335,333125.68,333.5,40.82,56.7
RLJ80     ,FUTIDXNIFTY     31AUG2006                    ,2006-08-21,S,0,0,100,3335,333125.68,333.5,40.82,56.7
Y2165     ,FUTIDXNIFTY     31AUG2006                    ,2006-08-21,S,0,0,100,3335,333125.68,333.5,40.82,56.7
Y2165     ,FUTIDXNIFTY     31AUG2006                    ,2006-08-22,P,100,3390,0,0,-339380.49,339,41.49,0
RLJ80     ,FUTIDXNIFTY     31AUG2006                    ,2006-08-22,P,100,3390,0,0,-339380.49,339,41.49,0
U9608     ,FUTIDXNIFTY     31AUG2006                    ,2006-08-22,P,100,3390,0,0,-339380.49,339,41.49,0
MAOR6     ,FUTIDXNIFTY     31AUG2006                    ,2006-08-22,P,100,3390,0,0,-339380.49,339,41.49,0
L4729     ,FUTSTKSATYAMCOMP31AUG2006                    ,2006-08-24,S,0,0,300,790,237000,0,0,40.29
L4729     ,FUTSTKSATYAMCOMP31AUG2006                    ,2006-08-24,P,300,805,0,0,-241771.05,241.49,29.56,0
RLJ80     ,FUTSTKSATYAMCOMP31AUG2006                    ,2006-08-24,S,0,0,300,790,237000,0,0,40.29
RLJ80     ,FUTSTKSATYAMCOMP31AUG2006                    ,2006-08-24,P,300,805,0,0,-241771.05,241.49,29.56,0
RLJ80     ,FUTIDXNIFTY     28SEP2006                    ,2006-08-28,S,0,0,200,3372,673643.06,674.39,82.55,114.65
Y2165     ,FUTIDXNIFTY     28SEP2006                    ,2006-08-28,S,0,0,100,3372,336821.53,337.2,41.27,57.32
L4729     ,FUTIDXNIFTY     28SEP2006                    ,2006-08-28,S,0,0,100,3372,336821.53,337.2,41.27,57.32
MAOR6     ,FUTIDXNIFTY     28SEP2006                    ,2006-08-28,S,0,0,100,3372,336821.53,337.2,41.27,57.32
U9608     ,FUTIDXNIFTY     28SEP2006                    ,2006-08-28,S,0,0,100,3372,336821.53,337.2,41.27,57.32
U9608     ,FUTIDXNIFTY     28SEP2006                    ,2006-08-31,P,200,3442.5,0,0,-689272.76,688.49,84.27,0
MAOR6     ,FUTIDXNIFTY     28SEP2006                    ,2006-08-31,P,200,3444.15,0,0,-689603.14,688.83,84.31,0
L4729     ,FUTIDXNIFTY     28SEP2006                    ,2006-08-31,P,200,3446.15,0,0,-690003.58,689.22,84.36,0
Y2165     ,FUTIDXNIFTY     28SEP2006                    ,2006-08-31,P,200,3445.95,0,0,-689963.54,689.18,84.36,0
RLJ80     ,FUTIDXNIFTY     28SEP2006                    ,2006-08-31,P,400,3444.9,0,0,-1379506.6,1377.94,168.66,0
L4729     ,FUTIDXNIFTY     28SEP2006                    ,2006-09-01,P,100,3409,0,0,-341282.62,340.89,41.73,0
MAOR6     ,FUTIDXNIFTY     28SEP2006                    ,2006-09-01,P,100,3407.8,0,0,-341162.49,340.78,41.71,0
MAOR6     ,FUTIDXNIFTY     28SEP2006                    ,2006-09-05,S,0,0,200,3465,692222.18,693,84.82,117.81
U9608     ,FUTIDXNIFTY     28SEP2006                    ,2006-09-05,S,0,0,100,3465,346111.09,346.5,42.41,58.91
L4729     ,FUTIDXNIFTY     28SEP2006                    ,2006-09-05,S,0,0,200,3465,692222.18,693,84.82,117.81
RLJ80     ,FUTIDXNIFTY     28SEP2006                    ,2006-09-05,S,0,0,200,3465,692222.18,693,84.82,117.81
Y2165     ,FUTIDXNIFTY     28SEP2006                    ,2006-09-05,S,0,0,100,3465,346111.09,346.5,42.41,58.91
RLJ80     ,FUTIDXNIFTY     28SEP2006                    ,2006-09-08,P,100,3460,0,0,-346388.35,346,42.35,0
L4729     ,FUTIDXNIFTY     28SEP2006                    ,2006-09-08,P,100,3460,0,0,-346388.35,346,42.35,0
DZ571     ,FUTIDXNIFTY     28SEP2006                    ,2006-09-08,P,100,3460,0,0,-346388.35,346,42.35,0
MAOR6     ,FUTIDXNIFTY     28SEP2006                    ,2006-09-08,P,100,3460,0,0,-346388.35,346,42.35,0
MAOR6     ,FUTIDXNIFTY     28SEP2006                    ,2006-09-11,S,0,0,100,3440.05,343618.89,344,42.11,58.48
DZ571     ,FUTIDXNIFTY     28SEP2006                    ,2006-09-11,S,0,0,100,3440.05,343618.89,344,42.11,58.48
L4729     ,FUTIDXNIFTY     28SEP2006                    ,2006-09-11,S,0,0,100,3440.05,343618.89,344,42.11,58.48
RLJ80     ,FUTIDXNIFTY     28SEP2006                    ,2006-09-11,S,0,0,100,3440.05,343618.89,344,42.11,58.48
MAOR6     ,FUTIDXNIFTY     28SEP2006                    ,2006-09-15,S,0,0,100,3457,345311.99,345.7,42.31,58.77
MAOR6     ,FUTIDXNIFTY     28SEP2006                    ,2006-09-21,S,0,0,100,3530,352603.8,352.99,43.21,60.01
MAOR6     ,FUTIDXNIFTY     28SEP2006                    ,2006-09-22,P,200,3549.7,0,0,-710736.82,709.93,86.89,0
MAOR6     ,FUTSTKHINDALC0  26OCT2006                    ,2006-10-04,S,0,0,1595,171,272438.9195,272.7,33.38,46.37
U9608     ,FUTSTKHINDALC0  26OCT2006                    ,2006-10-04,S,0,0,1595,171.1,272598.26,272.84,33.4,46.39
L4729     ,FUTSTKHINDALC0  26OCT2006                    ,2006-10-04,S,0,0,1595,171,272438.9195,272.7,33.38,46.37
RLJ80     ,FUTSTKHINDALC0  26OCT2006                    ,2006-10-04,S,0,0,1595,171.05,272518.6695,272.7,33.38,46.38
RLJ80     ,FUTSTKHINDALC0  26OCT2006                    ,2006-10-06,P,1595,177,0,0,-282631.767,282.22,34.54,0
L4729     ,FUTSTKHINDALC0  26OCT2006                    ,2006-10-06,P,1595,177,0,0,-282631.767,282.22,34.54,0
U9608     ,FUTSTKHINDALC0  26OCT2006                    ,2006-10-06,P,1595,177,0,0,-282631.767,282.22,34.54,0
MAOR6     ,FUTSTKHINDALC0  26OCT2006                    ,2006-10-06,P,1595,177,0,0,-282631.767,282.22,34.54,0
MAOR6     ,FUTIDXNIFTY     26OCT2006                    ,2006-10-11,S,0,0,100,3555,355100.99,355.5,43.51,60.44
U9608     ,FUTIDXNIFTY     26OCT2006                    ,2006-10-11,S,0,0,100,3555.55,355155.93,355.55,43.52,60.44
L4729     ,FUTIDXNIFTY     26OCT2006                    ,2006-10-11,S,0,0,100,3555,355100.99,355.5,43.51,60.44
RLJ80     ,FUTIDXNIFTY     26OCT2006                    ,2006-10-11,S,0,0,100,3555,355100.99,355.5,43.51,60.44
U9608     ,FUTIDXNIFTY     26OCT2006                    ,2006-10-12,P,100,3594.1,0,0,-359813.4,359.41,43.99,0
MAOR6     ,FUTIDXNIFTY     26OCT2006                    ,2006-10-13,P,100,3655,0,0,-365910.23,365.49,44.74,0
L4729     ,FUTIDXNIFTY     26OCT2006                    ,2006-10-13,P,100,3655,0,0,-365910.23,365.49,44.74,0
RLJ80     ,FUTIDXNIFTY     26OCT2006                    ,2006-10-13,P,100,3655,0,0,-365910.23,365.49,44.74,0
L4729     ,FUTIDXNIFTY     30NOV2006                    ,2006-11-10,S,0,0,100,3839.5,383519.06,383.95,46.99,65.27
DZ571     ,FUTIDXNIFTY     30NOV2006                    ,2006-11-10,S,0,0,100,3839.5,383519.06,383.95,46.99,65.27
DZ571     ,FUTIDXNIFTY     30NOV2006                    ,2006-11-20,P,100,3810,0,0,-381427.63,381,46.63,0
DZ571     ,FUTIDXNIFTY     30NOV2006                    ,2006-11-20,S,0,0,100,3865.4,386540,0,0,65.71
L4729     ,FUTIDXNIFTY     30NOV2006                    ,2006-11-20,S,0,0,100,3866,386600,0,0,65.72
L4729     ,FUTIDXNIFTY     30NOV2006                    ,2006-11-20,P,100,3810,0,0,-381427.63,381,46.63,0
L4729     ,FUTIDXNIFTY     30NOV2006                    ,2006-11-21,P,100,3893,0,0,-389736.95,389.3,47.65,0
DZ571     ,FUTIDXNIFTY     30NOV2006                    ,2006-11-21,P,100,3893,0,0,-389736.95,389.3,47.65,0
DZ571     ,FUTIDXNIFTY     30NOV2006                    ,2006-11-22,S,0,0,100,3949,394456.77,394.89,48.34,67.13
L4729     ,FUTIDXNIFTY     30NOV2006                    ,2006-11-22,S,0,0,100,3949,394456.77,394.89,48.34,67.13
DZ571     ,FUTIDXNIFTY     30NOV2006                    ,2006-11-28,P,100,3945,0,0,-394942.78,394.49,48.29,0
L4729     ,FUTIDXNIFTY     30NOV2006                    ,2006-11-28,P,100,3945,0,0,-394942.78,394.49,48.29,0
Y2165     ,FUTIDXNIFTY     28DEC2006                    ,2006-12-07,S,0,0,100,4020,401548.8,402,49.2,68.34
Y2165     ,FUTIDXNIFTY     28DEC2006                    ,2006-12-08,P,100,3985.1,0,0,-398957.28,398.5,48.78,0
Y2165     ,FUTIDXBANKNIFTY 28DEC2006                    ,2006-12-11,P,100,5830,0,0,-583654.35,582.99,71.36,0
RLJ80     ,FUTIDXNIFTY     28DEC2006                    ,2006-12-11,S,0,0,100,3860,386000,0,0,65.62
RLJ80     ,FUTIDXNIFTY     28DEC2006                    ,2006-12-11,P,100,3840.1,0,0,-384441.01,384.01,47,0
Y2165     ,FUTIDXBANKNIFTY 28DEC2006                    ,2006-12-12,S,0,0,100,5495,549500,0,0,93.42
Y2165     ,FUTIDXBANKNIFTY 28DEC2006                    ,2006-12-12,P,100,5610,0,0,-561629.66,560.99,68.67,0
Y2165     ,FUTIDXBANKNIFTY 28DEC2006                    ,2006-12-13,S,0,0,100,5490,548383.81,548.99,67.2,93.33
Y2165     ,FUTIDXNIFTY     28DEC2006                    ,2006-12-19,P,100,3815,0,0,-381928.19,381.5,46.69,0
Y2165     ,FUTIDXNIFTY     28DEC2006                    ,2006-12-19,P,100,3802,0,0,-380626.73,380.19,46.54,0
Y2165     ,FUTIDXNIFTY     28DEC2006                    ,2006-12-19,S,0,0,100,3820,382000,0,0,64.94
Y2165     ,FUTIDXNIFTY     28DEC2006                    ,2006-12-19,S,0,0,100,3902.05,390205,0,0,66.33
RLJ80     ,FUTIDXNIFTY     28DEC2006                    ,2006-12-19,S,0,0,100,3890,389000,0,0,66.13
RLJ80     ,FUTIDXNIFTY     28DEC2006                    ,2006-12-19,P,100,3815,0,0,-381928.19,381.5,46.69,0
Y2165     ,FUTSTKITC       25JAN2007                    ,2007-01-03,P,1125,175.6,0,0,-197771.625,197.46,24.17,0
Y2165     ,FUTSTKITC       25JAN2007                    ,2007-01-04,P,1125,170.1,0,0,-191577.2625,191.34,23.42,0
U9608     ,FUTSTKITC       25JAN2007                    ,2007-01-04,P,1125,169.5,0,0,-190901.475,190.64,23.33,0
Y2165     ,FUTSTKITC       25JAN2007                    ,2007-01-05,S,0,0,1125,167.35,188057.475,188.24,23.04,32.01
Y2165     ,FUTSTKBHARTIARTL25JAN2007                    ,2007-01-09,P,1000,618.6,0,0,-619294.3,618.59,75.71,0
Y2165     ,FUTIDXNIFTY     25JAN2007                    ,2007-01-10,P,100,3848,0,0,-385231.89,384.79,47.1,0
Y2165     ,FUTIDXNIFTY     25JAN2007                    ,2007-01-10,P,100,3838.8,0,0,-384310.86,383.87,46.99,0
Y2165     ,FUTIDXNIFTY     25JAN2007                    ,2007-01-10,S,0,0,100,3862,386200,0,0,65.65
Y2165     ,FUTSTKRCOM      25JAN2007                    ,2007-01-11,P,700,433.35,0,0,-303685.41,303.29,37.12,0
Y2165     ,FUTSTKBHARTIARTL25JAN2007                    ,2007-01-11,S,0,0,1000,620.95,620253.1,620.9,76,105.56
Y2165     ,FUTIDXNIFTY     25JAN2007                    ,2007-01-11,S,0,0,100,3865.5,386116.14,386.55,47.31,65.71
Y2165     ,FUTSTKINFOSYSTCH25JAN2007                    ,2007-01-11,P,200,2137.95,0,0,-428069.92,427.58,52.34,0
Y2165     ,FUTIDXNIFTY     25JAN2007                    ,2007-01-11,S,0,0,100,3888.5,388413.56,388.85,47.59,66.1
Y2165     ,FUTSTKINFOSYSTCH25JAN2007                    ,2007-01-11,S,0,0,200,2124.05,424810,0,0,72.22
RLJ80     ,FUTIDXNIFTY     25JAN2007                    ,2007-01-11,S,0,0,100,3886,388163.84,388.6,47.56,66.06
L4729     ,FUTIDXNIFTY     25JAN2007                    ,2007-01-11,S,0,0,100,3886,388163.84,388.6,47.56,66.06
Y2165     ,FUTSTKITC       25JAN2007                    ,2007-01-12,S,0,0,1125,170.4,191484.9,191.64,23.46,32.59
Y2165     ,FUTSTKSBIN      25JAN2007                    ,2007-01-12,S,0,0,500,1215,606818.15,607.49,74.36,103.28
L4729     ,OPTIDXNIFTY     25JAN2007PE   4050.00        ,2007-01-19,P,200,19.7,0,0,-4853.56,813.93,99.63,0
Y2165     ,FUTSTKRCOM      25JAN2007                    ,2007-01-22,S,0,0,700,447,312548.81,312.89,38.3,53.19
Y2165     ,FUTSTKSBIN      25JAN2007                    ,2007-01-23,P,500,1197.5,0,0,-599422,598.72,73.28,0
L4729     ,OPTIDXNIFTY     25JAN2007PE   4050.00        ,2007-01-23,S,0,0,100,10.8,624.22,406.08,49.7,0.18
U9608     ,FUTSTKITC       25JAN2007                    ,2007-01-23,S,0,0,1125,176.55,198395.8875,198.56,24.3,33.77
L4729     ,FUTIDXNIFTY     25JAN2007                    ,2007-01-25,P,100,4146.4,0,0,-415105.39,414.64,50.75,0
Y2165     ,FUTIDXNIFTY     25JAN2007                    ,2007-01-25,P,100,4146.6,0,0,-415125.41,414.66,50.75,0
RLJ80     ,FUTIDXNIFTY     25JAN2007                    ,2007-01-25,P,100,4146.3,0,0,-415095.38,414.63,50.75,0
Y2165     ,OPTIDXNIFTY     22FEB2007CE   4100.00        ,2007-01-29,P,100,100,0,0,-10471.4,419.99,51.41,0
Y2165     ,FUTSTKRELIANCE  22FEB2007                    ,2007-01-31,P,300,1380.25,0,0,-414539.73,414.05,50.68,0
Y2165     ,OPTSTKSBIN      22FEB2007CA   1200.00        ,2007-01-31,P,500,26.5,0,0,-13938.3,613.24,75.06,0
U9608     ,FUTSTKITC       22FEB2007                    ,2007-01-31,S,0,0,1125,175.75,197718.75,0,0,33.61
U9608     ,FUTSTKITC       22FEB2007                    ,2007-01-31,P,1125,170.55,0,0,-192084.075,191.84,23.48,0
Y2165     ,OPTSTKSBIN      22FEB2007CA   1200.00        ,2007-02-01,S,0,0,500,44.9,21751.4,622.42,76.18,3.82
Y2165     ,OPTIDXNIFTY     22FEB2007CE   4100.00        ,2007-02-05,S,0,0,100,137.5,13274.39,423.74,51.87,2.34
Y2165     ,OPTSTKRCOM      22FEB2007CA    500.00        ,2007-02-06,P,700,13.25,0,0,-9678.2,359.23,43.97,0
Y2165     ,FUTSTKBAJAJAUTO 22FEB2007                    ,2007-02-06,P,100,2847,0,0,-285019.54,284.69,34.85,0
Y2165     ,FUTSTKBAJAJAUTO 22FEB2007                    ,2007-02-07,S,0,0,100,3010,300662.16,301,36.84,51.17
Y2165     ,FUTSTKRELIANCE  22FEB2007                    ,2007-02-09,S,0,0,300,1395,418030.29,418.49,51.22,71.15
L4729     ,OPTIDXNIFTY     22FEB2007PE   4200.00        ,2007-02-09,S,0,0,100,69,6900,0,0,1.17
L4729     ,OPTIDXNIFTY     22FEB2007PE   4200.00        ,2007-02-09,P,100,61,0,0,-6578.25,426.1,52.15,0
Y2165     ,FUTIDXNIFTY     22FEB2007                    ,2007-02-12,S,0,0,100,4120,411537.58,411.99,50.43,70.04
RLJ80     ,FUTIDXNIFTY     22FEB2007                    ,2007-02-12,S,0,0,100,4120,411537.58,411.99,50.43,70.04
RLJ80     ,FUTIDXNIFTY     22FEB2007                    ,2007-02-14,P,100,4005,0,0,-400949.52,400.5,49.02,0
RLJ80     ,FUTSTKSBIN      22FEB2007                    ,2007-02-14,S,0,0,500,1100,549382.7,549.98,67.32,93.5
Y2165     ,FUTIDXNIFTY     22FEB2007                    ,2007-02-14,P,100,4005,0,0,-400949.52,400.5,49.02,0
Y2165     ,FUTSTKSBIN      22FEB2007                    ,2007-02-14,S,0,0,500,1100,549382.7,549.98,67.32,93.5
U9608     ,FUTSTKSBIN      22FEB2007                    ,2007-02-14,S,0,0,500,1100,549382.7,549.98,67.32,93.5
U9608     ,FUTSTKSBIN      22FEB2007                    ,2007-02-15,P,500,1120,0,0,-560628.5,559.96,68.54,0
Y2165     ,FUTIDXNIFTY     22FEB2007                    ,2007-02-15,P,100,4160,0,0,-416466.91,415.99,50.92,0
Y2165     ,FUTSTKSBIN      22FEB2007                    ,2007-02-15,P,500,1120,0,0,-560628.5,559.96,68.54,0
Y2165     ,FUTIDXNIFTY     22FEB2007                    ,2007-02-15,S,0,0,100,4142.05,414205,0,0,70.41
RLJ80     ,FUTSTKSBIN      22FEB2007                    ,2007-02-15,P,500,1120,0,0,-560628.5,559.96,68.54,0
Y2165     ,FUTIDXNIFTY     29MAR2007                    ,2007-02-23,P,50,3935.85,0,0,-197013.375,196.79,24.09,0
Y2165     ,FUTIDXNIFTY     29MAR2007                    ,2007-02-23,P,50,3985,0,0,-199473.635,199.25,24.39,0
Y2165     ,FUTIDXNIFTY     29MAR2007                    ,2007-02-23,P,50,4015.9,0,0,-201020.37,200.79,24.58,0
Y2165     ,FUTSTKRCOM      29MAR2007                    ,2007-02-26,P,700,428.75,0,0,-300461.84,300.11,36.73,0
Y2165     ,FUTSTKRCOM      29MAR2007                    ,2007-02-26,S,0,0,700,432,302400,0,0,51.41
Y2165     ,FUTIDXNIFTY     29MAR2007                    ,2007-02-28,S,0,0,50,3773,188438.26,188.65,23.09,32.07
Y2165     ,FUTIDXNIFTY     29MAR2007                    ,2007-02-28,S,0,0,50,3770.25,188300.915,188.51,23.07,32.05
Y2165     ,FUTIDXNIFTY     29MAR2007                    ,2007-02-28,S,0,0,50,3770,188288.43,188.5,23.07,32.05
Y2165     ,FUTIDXNIFTY     29MAR2007                    ,2007-02-28,P,50,3712,0,0,-185600,0,0,0
Y2165     ,FUTIDXNIFTY     29MAR2007                    ,2007-03-02,P,50,3755,0,0,-187750,0,0,0
Y2165     ,FUTIDXNIFTY     29MAR2007                    ,2007-03-02,S,0,0,50,3745.1,187044.825,187.25,22.92,31.83
Y2165     ,FUTIDXNIFTY     29MAR2007                    ,2007-03-02,S,0,0,50,3776,188588.095,188.8,23.11,32.1
Y2165     ,FUTIDXNIFTY     29MAR2007                    ,2007-03-05,P,50,3525,0,0,-176447.82,176.25,21.57,0
Y2165     ,FUTIDXNIFTY     29MAR2007                    ,2007-03-06,S,0,0,50,3608.1,180202.515,180.4,22.08,30.67
Y2165     ,FUTIDXNIFTY     29MAR2007                    ,2007-03-09,P,50,3676,0,0,-184006.295,183.8,22.5,0
Y2165     ,FUTIDXNIFTY     29MAR2007                    ,2007-03-09,S,0,0,50,3693.15,184657.5,0,0,31.39
Y2165     ,FUTIDXNIFTY     29MAR2007                    ,2007-03-15,P,50,3618,0,0,-181103.04,180.9,22.14,0
L4729     ,FUTSTKRCOM      29MAR2007                    ,2007-03-15,P,700,390.6,0,0,-273726.88,273.41,33.47,0
L4729     ,FUTIDXNIFTY     29MAR2007                    ,2007-03-16,P,50,3598.5,0,0,-180126.945,179.92,22.02,0
L4729     ,FUTSTKRCOM      29MAR2007                    ,2007-03-16,S,0,0,700,376,263200,0,0,44.74
L4729     ,FUTSTKRCOM      29MAR2007                    ,2007-03-16,P,700,374.75,0,0,-262619.42,262.31,32.11,0
L4729     ,FUTIDXNIFTY     29MAR2007                    ,2007-03-16,S,0,0,50,3572,178600,0,0,30.36
Y2165     ,FUTSTKITC       29MAR2007                    ,2007-03-16,S,0,0,1125,146.15,164418.75,0,0,27.95
Y2165     ,FUTSTKITC       29MAR2007                    ,2007-03-16,P,1125,144.9,0,0,-163195.425,162.98,19.95,0
L4729     ,FUTSTKRCOM      29MAR2007                    ,2007-03-19,S,0,0,700,399.5,279336.19,279.59,34.22,47.54
Y2165     ,FUTIDXNIFTY     29MAR2007                    ,2007-03-20,S,0,0,50,3686.1,184098.14,184.3,22.56,31.33
Y2165     ,FUTIDXNIFTY     26APR2007                    ,2007-03-22,S,0,0,50,3871,193332.76,193.55,23.69,32.9
Y2165     ,FUTIDXNIFTY     26APR2007                    ,2007-03-23,S,0,0,50,3852.5,192625,0,0,32.75
Y2165     ,FUTIDXNIFTY     26APR2007                    ,2007-03-23,P,50,3861,0,0,-193266.675,193.05,23.63,0
Y2165     ,FUTIDXNIFTY     26APR2007                    ,2007-03-23,P,50,3864.15,0,0,-193424.355,193.21,23.65,0
Y2165     ,FUTIDXNIFTY     26APR2007                    ,2007-03-23,P,50,3865,0,0,-193466.9,193.25,23.65,0
Y2165     ,FUTIDXNIFTY     26APR2007                    ,2007-03-23,S,0,0,50,3876.6,193830,0,0,32.95
